<?xml version="1.0" encoding="utf-8"?>
<AntiSpamPolicyDefaultValues>
  <xmlSerializerSection type="Ninja.Plugins.AntiSpamPlugin.AntiSpamPolicy, Ninja.Plugins.AntiSpam, Version=1.0.0.0, Culture=neutral, PublicKeyToken=39885b566db2b4c7">
    <AntiSpamPolicy xmlns:xsd="http://www.w3.org/2001/XMLSchema" xmlns:xsi="http://www.w3.org/2001/XMLSchema-instance">
      <ID>0</ID>
          <Name>Default Antispam Policy</Name>
          <Enabled>false</Enabled>
          <IsDefault>true</IsDefault>
          <QuarantineThreshold>200</QuarantineThreshold>
          <DeleteThreshold>6000</DeleteThreshold>
          <AutomaticWhitelistingEnabled>false</AutomaticWhitelistingEnabled>
          <QuarantineFolderEnabled>true</QuarantineFolderEnabled>
          <QuarantineFolder>Spam/Quarantine/</QuarantineFolder>
          <MarkAsRead>false</MarkAsRead>
          <DeleteQuarantinedMessages>false</DeleteQuarantinedMessages>
          <NumDaysToDeleteMessages>1</NumDaysToDeleteMessages>
          <PrependToSubject>false</PrependToSubject>
          <TextToPrependToSubject />
          <RedirectMessages>false</RedirectMessages>
          <RedirectMailbox />
          <RedirectFolder />
          <AllowMessagesFromContacts>true</AllowMessagesFromContacts>
          <AllowedFolderEnabled>true</AllowedFolderEnabled>
          <AllowedFolder>Spam/Allowed Senders/</AllowedFolder>
          <BlockedFolderEnabled>true</BlockedFolderEnabled>
          <BlockedFolder>Spam/Blocked Senders/</BlockedFolder>
          <DeleteMessagesFromBlockedSenders>false</DeleteMessagesFromBlockedSenders>
          <UseOutlookForms>false</UseOutlookForms>
          <RulesPipeline>
            <RulePipelineElements>AllowedSendersGlobal</RulePipelineElements>
            <RulePipelineElements>AllowedSendersPolicy</RulePipelineElements>
            <RulePipelineElements>AllowedSendersPersonal</RulePipelineElements>
            <RulePipelineElements>BlockedSendersGlobal</RulePipelineElements>
            <RulePipelineElements>BlockedSendersPolicy</RulePipelineElements>
            <RulePipelineElements>BlockedSendersPersonal</RulePipelineElements>
            <RulePipelineElements>BlockedCharacterSetsGlobal</RulePipelineElements>
            <RulePipelineElements>BlockedCharacterSetsPolicy</RulePipelineElements>
            <RulePipelineElements>CustomAllowGlobal</RulePipelineElements>
            <RulePipelineElements>CustomAllowPolicy</RulePipelineElements>
            <RulePipelineElements>CustomQuarantineGlobal</RulePipelineElements>
            <RulePipelineElements>CustomQuarantinePolicy</RulePipelineElements>
            <RulePipelineElements>CustomDeleteGlobal</RulePipelineElements>
            <RulePipelineElements>CustomDeletePolicy</RulePipelineElements>
          </RulesPipeline>
          <Rules />
    </AntiSpamPolicy>
  </xmlSerializerSection>
</AntiSpamPolicyDefaultValues>