﻿<?xml version="1.0" encoding="utf-8"?>
<AntiSpamPluginSettings>
  <xmlSerializerSection type="Ninja.Plugins.AntiSpamPlugin.AntiSpamPluginSettings, Ninja.Plugins.AntiSpam, Version=1.0.0.0, Culture=neutral, PublicKeyToken=39885b566db2b4c7">
    <AntiSpamPluginSettings xmlns:xsi="http://www.w3.org/2001/XMLSchema-instance" xmlns:xsd="http://www.w3.org/2001/XMLSchema">
      <GlobalSettings>
        <AddXHeaders>true</AddXHeaders>
        <EnableSpamFiltering>true</EnableSpamFiltering>
        <FilterBounceMessages>false</FilterBounceMessages>
        <Rules>
          <AntiSpamRuleBase xsi:type="CustomRule">
            <Name>IMG rule</Name>
            <Action>Quarantine</Action>
            <CustomRuleField>Body</CustomRuleField>
            <ModifyPointsTiming>FirstOccurenceOnly</ModifyPointsTiming>
            <Points>0</Points>
            <SearchString>&lt;IMG</SearchString>
            <SearchType>Contains</SearchType>
          </AntiSpamRuleBase>
          <AntiSpamRuleBase xsi:type="CustomRule">
            <Name>HREF rule</Name>
            <Action>Quarantine</Action>
            <CustomRuleField>Body</CustomRuleField>
            <ModifyPointsTiming>FirstOccurenceOnly</ModifyPointsTiming>
            <Points>0</Points>
            <SearchString>&lt;HREF</SearchString>
            <SearchType>Contains</SearchType>
          </AntiSpamRuleBase>
          <AntiSpamRuleBase xsi:type="AllowedSenderRule">
            <Name>CEO </Name>
            <Action>Allow</Action>
            <AllowedSendersList>
              <string>*@ceodeliveries.com</string>
            </AllowedSendersList>
          </AntiSpamRuleBase>
          <AntiSpamRuleBase xsi:type="AllowedSenderRule">
            <Name>*@johnlothiannewsletter.com</Name>
            <Action>Allow</Action>
            <AllowedSendersList>
              <string>*@johnlothiannewsletter.com</string>
            </AllowedSendersList>
          </AntiSpamRuleBase>
          <AntiSpamRuleBase xsi:type="AllowedSenderRule">
            <Name>Complinet Training</Name>
            <Action>Allow</Action>
            <AllowedSendersList>
              <string>no-reply-recordkeeper@complinet.com</string>
            </AllowedSendersList>
          </AntiSpamRuleBase>
          <AntiSpamRuleBase xsi:type="AllowedSenderRule">
            <Name>Diningin</Name>
            <Action>Allow</Action>
            <AllowedSendersList>
              <string>*@diningin.com</string>
            </AllowedSendersList>
          </AntiSpamRuleBase>
          <AntiSpamRuleBase xsi:type="AllowedSenderRule">
            <Name>NOAA</Name>
            <Action>Allow</Action>
            <AllowedSendersList>
              <string>*@service.govdelivery.com</string>
            </AllowedSendersList>
          </AntiSpamRuleBase>
          <AntiSpamRuleBase xsi:type="AllowedSenderRule">
            <Name>Arbhouse.com</Name>
            <Action>Allow</Action>
            <AllowedSendersList>
              <string>*@arbhouse.com</string>
            </AllowedSendersList>
          </AntiSpamRuleBase>
          <AntiSpamRuleBase xsi:type="AllowedSenderRule">
            <Name>CQG</Name>
            <Action>Allow</Action>
            <AllowedSendersList>
              <string>*@cqg.com</string>
            </AllowedSendersList>
          </AntiSpamRuleBase>
          <AntiSpamRuleBase xsi:type="AllowedSenderRule">
            <Name>EZX Inc.</Name>
            <Action>Allow</Action>
            <AllowedSendersList>
              <string>*@ezxinc.com</string>
            </AllowedSendersList>
          </AntiSpamRuleBase>
          <AntiSpamRuleBase xsi:type="AllowedSenderRule">
            <Name>*@cmegroup.com</Name>
            <Action>Allow</Action>
            <AllowedSendersList>
              <string>*@cmegroup.com</string>
            </AllowedSendersList>
          </AntiSpamRuleBase>
          <AntiSpamRuleBase xsi:type="AllowedSenderRule">
            <Name>*@mfglobal.com</Name>
            <Action>Allow</Action>
            <AllowedSendersList>
              <string>*@mfglobal.com</string>
            </AllowedSendersList>
          </AntiSpamRuleBase>
          <AntiSpamRuleBase xsi:type="AllowedSenderRule">
            <Name>Mizuho</Name>
            <Action>Allow</Action>
            <AllowedSendersList>
              <string>*@us.mizuho-sc.com</string>
            </AllowedSendersList>
          </AntiSpamRuleBase>
          <AntiSpamRuleBase xsi:type="AllowedSenderRule">
            <Name>RBS</Name>
            <Action>Allow</Action>
            <AllowedSendersList>
              <string>*@rbs.com</string>
            </AllowedSendersList>
          </AntiSpamRuleBase>
          <AntiSpamRuleBase xsi:type="AllowedSenderRule">
            <Name>ChicagoISM</Name>
            <Action>Allow</Action>
            <AllowedSendersList>
              <string>*@kingbiz.com</string>
            </AllowedSendersList>
          </AntiSpamRuleBase>
          <AntiSpamRuleBase xsi:type="AllowedSenderRule">
            <Name>ChicagoISM</Name>
            <Action>Allow</Action>
            <AllowedSendersList>
              <string>*@ccsend.com</string>
            </AllowedSendersList>
          </AntiSpamRuleBase>
          <AntiSpamRuleBase xsi:type="AllowedSenderRule">
            <Name>seamless</Name>
            <Action>Allow</Action>
            <AllowedSendersList>
              <string>*@Seamless.com</string>
            </AllowedSendersList>
          </AntiSpamRuleBase>
          <AntiSpamRuleBase xsi:type="AllowedSenderRule">
            <Name>Marketnews</Name>
            <Action>Allow</Action>
            <AllowedSendersList>
              <string>*@marketnews.com</string>
            </AllowedSendersList>
          </AntiSpamRuleBase>
          <AntiSpamRuleBase xsi:type="CustomRule">
            <Name>viagra</Name>
            <Action>Delete</Action>
            <CustomRuleField>Subject</CustomRuleField>
            <ModifyPointsTiming>FirstOccurenceOnly</ModifyPointsTiming>
            <Points>0</Points>
            <SearchString>viagra</SearchString>
            <SearchType>Contains</SearchType>
          </AntiSpamRuleBase>
          <AntiSpamRuleBase xsi:type="CustomRule">
            <Name>R_O_L_E_X</Name>
            <Action>Delete</Action>
            <CustomRuleField>Subject</CustomRuleField>
            <ModifyPointsTiming>FirstOccurenceOnly</ModifyPointsTiming>
            <Points>0</Points>
            <SearchString>R_O_L_E_X</SearchString>
            <SearchType>Contains</SearchType>
          </AntiSpamRuleBase>
          <AntiSpamRuleBase xsi:type="BlockedSenderRule">
            <Name>blocked groups</Name>
            <Action>Delete</Action>
            <BlockedSendersList>
              <string>chicagotraders@mqplp.com</string>
            </BlockedSendersList>
          </AntiSpamRuleBase>
          <AntiSpamRuleBase xsi:type="AllowedSenderRule">
            <Name>Sage</Name>
            <Action>Allow</Action>
            <AllowedSendersList>
              <string>*@sage.com</string>
            </AllowedSendersList>
          </AntiSpamRuleBase>
          <AntiSpamRuleBase xsi:type="AllowedSenderRule">
            <Name>traiana.com</Name>
            <Action>Allow</Action>
            <AllowedSendersList>
              <string>*@traiana.com</string>
            </AllowedSendersList>
          </AntiSpamRuleBase>
        </Rules>
        <TrustedHosts />
        <TrustedHostsEnabled>false</TrustedHostsEnabled>
        <Engines>
          <AntiSpamEngineInfo>
            <Name>Cloudmark</Name>
            <DisplayName>Cloudmark Authority Engine</DisplayName>
            <Type>Ninja.Plugins.AntiSpamPlugin.Engines.CloudMarkAuthorityEngine, Ninja.Plugins.AntiSpam, Version=1.0.0.0, Culture=neutral, PublicKeyToken=39885b566db2b4c7</Type>
            <Version>1.0</Version>
            <Enabled>true</Enabled>
            <Priority>0</Priority>
          </AntiSpamEngineInfo>
          <AntiSpamEngineInfo>
            <Name>SpamCure</Name>
            <DisplayName>Sunbelt Advanced Spam Filter</DisplayName>
            <Type>Ninja.Plugins.Antispam.SpamCure.SpamCureEngine, Ninja.Plugins.Antispam.SpamCure, Version=1.0.0.0, Culture=neutral, PublicKeyToken=39885b566db2b4c7</Type>
            <Version>1.0</Version>
            <Enabled>true</Enabled>
            <Priority>0</Priority>
          </AntiSpamEngineInfo>
          <AntiSpamEngineInfo>
            <Name>Sunbelt URI Blocklist</Name>
            <DisplayName>Sunbelt URI Blocklist</DisplayName>
            <Type>Ninja.Plugins.AntiSpam.Uribl.Wrapper.UriBlocklistEngineWrapper, Ninja.Plugins.AntiSpam.Uribl.Wrapper, Version=1.0.0.0, Culture=neutral, PublicKeyToken=39885b566db2b4c7</Type>
            <Version>1.0</Version>
            <Enabled>true</Enabled>
            <Priority>0</Priority>
          </AntiSpamEngineInfo>
          <AntiSpamEngineInfo>
            <Name>Sunbelt Image Spam Filter</Name>
            <DisplayName>Sunbelt Image Spam Filter</DisplayName>
            <Type>Ninja.Plugins.AntiSpam.Gaia.Wrapper.GaiaWrapper, Ninja.Plugins.AntiSpam.Gaia.Wrapper, Version=1.0.0.0, Culture=neutral, PublicKeyToken=39885b566db2b4c7</Type>
            <Version>1.0</Version>
            <Enabled>true</Enabled>
            <Priority>0</Priority>
          </AntiSpamEngineInfo>
        </Engines>
      </GlobalSettings>
      <Policies>
        <Policy xsi:type="AntiSpamPolicy">
          <ID>1</ID>
          <Name>Default Antispam Policy</Name>
          <Enabled>true</Enabled>
          <IsDefault>true</IsDefault>
          <QuarantineThreshold>190</QuarantineThreshold>
          <DeleteThreshold>6000</DeleteThreshold>
          <AutomaticWhitelistingEnabled>true</AutomaticWhitelistingEnabled>
          <QuarantineFolderEnabled>true</QuarantineFolderEnabled>
          <QuarantineFolder>Spam/Quarantine/</QuarantineFolder>
          <MarkAsRead>false</MarkAsRead>
          <DeleteQuarantinedMessages>true</DeleteQuarantinedMessages>
          <NumDaysToDeleteMessages>5</NumDaysToDeleteMessages>
          <PrependToSubject>false</PrependToSubject>
          <TextToPrependToSubject />
          <RedirectMessages>false</RedirectMessages>
          <RedirectMailbox />
          <RedirectFolder />
          <AllowMessagesFromContacts>true</AllowMessagesFromContacts>
          <AllowedFolderEnabled>true</AllowedFolderEnabled>
          <AllowedFolder>Spam/Allowed Senders/</AllowedFolder>
          <BlockedFolderEnabled>true</BlockedFolderEnabled>
          <BlockedFolder>Spam/Blocked Senders/</BlockedFolder>
          <DeleteMessagesFromBlockedSenders>false</DeleteMessagesFromBlockedSenders>
          <UseOutlookForms>false</UseOutlookForms>
          <TreatMismatchedSenderAsSpoofed>false</TreatMismatchedSenderAsSpoofed>
          <SpoofedHandling>Quarantine</SpoofedHandling>
          <RulesPipeline>
            <RulePipelineElements>AllowedSendersGlobal</RulePipelineElements>
            <RulePipelineElements>AllowedSendersPolicy</RulePipelineElements>
            <RulePipelineElements>AllowedSendersPersonal</RulePipelineElements>
            <RulePipelineElements>BlockedSendersGlobal</RulePipelineElements>
            <RulePipelineElements>BlockedSendersPolicy</RulePipelineElements>
            <RulePipelineElements>BlockedSendersPersonal</RulePipelineElements>
            <RulePipelineElements>BlockedCharacterSetsGlobal</RulePipelineElements>
            <RulePipelineElements>BlockedCharacterSetsPolicy</RulePipelineElements>
            <RulePipelineElements>CustomAllowGlobal</RulePipelineElements>
            <RulePipelineElements>CustomAllowPolicy</RulePipelineElements>
            <RulePipelineElements>CustomQuarantineGlobal</RulePipelineElements>
            <RulePipelineElements>CustomQuarantinePolicy</RulePipelineElements>
            <RulePipelineElements>CustomDeleteGlobal</RulePipelineElements>
            <RulePipelineElements>CustomDeletePolicy</RulePipelineElements>
          </RulesPipeline>
          <Rules>
            <AntiSpamRuleBase xsi:type="AllowedSenderRule">
              <Name>*@marketcommunications.net</Name>
              <Action>Allow</Action>
              <AllowedSendersList>
                <string>*@marketcommunications.net</string>
              </AllowedSendersList>
            </AntiSpamRuleBase>
            <AntiSpamRuleBase xsi:type="CustomRule">
              <Name>Banned display names</Name>
              <Action>Delete</Action>
              <CustomRuleField>FromName</CustomRuleField>
              <ModifyPointsTiming>FirstOccurenceOnly</ModifyPointsTiming>
              <Points>0</Points>
              <SearchString>penis growth</SearchString>
              <SearchType>Contains</SearchType>
            </AntiSpamRuleBase>
            <AntiSpamRuleBase xsi:type="CustomRule">
              <Name>Pf|zer</Name>
              <Action>Quarantine</Action>
              <CustomRuleField>FromName</CustomRuleField>
              <ModifyPointsTiming>FirstOccurenceOnly</ModifyPointsTiming>
              <Points>0</Points>
              <SearchString>Pf|zer</SearchString>
              <SearchType>Contains</SearchType>
            </AntiSpamRuleBase>
            <AntiSpamRuleBase xsi:type="AllowedSenderRule">
              <Name>yousendit</Name>
              <Action>Allow</Action>
              <AllowedSendersList>
                <string>delivery@yousendit.com</string>
              </AllowedSendersList>
            </AntiSpamRuleBase>
            <AntiSpamRuleBase xsi:type="AllowedSenderRule">
              <Name>Cogent</Name>
              <Action>Allow</Action>
              <AllowedSendersList>
                <string>*@cogentco.com</string>
              </AllowedSendersList>
            </AntiSpamRuleBase>
            <AntiSpamRuleBase xsi:type="BlockedSenderRule">
              <Name>postmaster@kricket.net</Name>
              <Action>Delete</Action>
              <BlockedSendersList>
                <string>postmaster@kricket.net</string>
              </BlockedSendersList>
            </AntiSpamRuleBase>
            <AntiSpamRuleBase xsi:type="BlockedSenderRule">
              <Name>postmaster@kricket.net</Name>
              <Action>Delete</Action>
              <BlockedSendersList>
                <string>*@kricket.net</string>
              </BlockedSendersList>
            </AntiSpamRuleBase>
            <AntiSpamRuleBase xsi:type="CustomRule">
              <Name>House Payment</Name>
              <Action>Quarantine</Action>
              <CustomRuleField>Body</CustomRuleField>
              <ModifyPointsTiming>FirstOccurenceOnly</ModifyPointsTiming>
              <Points>0</Points>
              <SearchString>House Payment Reduced</SearchString>
              <SearchType>Contains</SearchType>
            </AntiSpamRuleBase>
            <AntiSpamRuleBase xsi:type="CustomRule">
              <Name>HYIP</Name>
              <Action>Quarantine</Action>
              <CustomRuleField>Body</CustomRuleField>
              <ModifyPointsTiming>FirstOccurenceOnly</ModifyPointsTiming>
              <Points>0</Points>
              <SearchString>HYIP</SearchString>
              <SearchType>Contains</SearchType>
            </AntiSpamRuleBase>
            <AntiSpamRuleBase xsi:type="CustomRule">
              <Name>Every Car</Name>
              <Action>Quarantine</Action>
              <CustomRuleField>Body</CustomRuleField>
              <ModifyPointsTiming>FirstOccurenceOnly</ModifyPointsTiming>
              <Points>0</Points>
              <SearchString>Every car</SearchString>
              <SearchType>Contains</SearchType>
            </AntiSpamRuleBase>
            <AntiSpamRuleBase xsi:type="CustomRule">
              <Name>weight</Name>
              <Action>Quarantine</Action>
              <CustomRuleField>Body</CustomRuleField>
              <ModifyPointsTiming>FirstOccurenceOnly</ModifyPointsTiming>
              <Points>0</Points>
              <SearchString>rapidly drop weight</SearchString>
              <SearchType>Contains</SearchType>
            </AntiSpamRuleBase>
            <AntiSpamRuleBase xsi:type="CustomRule">
              <Name>Smokeless</Name>
              <Action>Quarantine</Action>
              <CustomRuleField>Body</CustomRuleField>
              <ModifyPointsTiming>FirstOccurenceOnly</ModifyPointsTiming>
              <Points>0</Points>
              <SearchString>better smoking</SearchString>
              <SearchType>Contains</SearchType>
            </AntiSpamRuleBase>
          </Rules>
        </Policy>
        <Policy xsi:type="AntiSpamPolicy">
          <ID>5</ID>
          <Name>banned words</Name>
          <Enabled>true</Enabled>
          <IsDefault>false</IsDefault>
          <QuarantineThreshold>130</QuarantineThreshold>
          <DeleteThreshold>6000</DeleteThreshold>
          <AutomaticWhitelistingEnabled>false</AutomaticWhitelistingEnabled>
          <QuarantineFolderEnabled>true</QuarantineFolderEnabled>
          <QuarantineFolder>Spam/Quarantine/</QuarantineFolder>
          <MarkAsRead>false</MarkAsRead>
          <DeleteQuarantinedMessages>true</DeleteQuarantinedMessages>
          <NumDaysToDeleteMessages>5</NumDaysToDeleteMessages>
          <PrependToSubject>false</PrependToSubject>
          <TextToPrependToSubject />
          <RedirectMessages>false</RedirectMessages>
          <RedirectMailbox />
          <RedirectFolder />
          <AllowMessagesFromContacts>true</AllowMessagesFromContacts>
          <AllowedFolderEnabled>true</AllowedFolderEnabled>
          <AllowedFolder>Spam/Allowed Senders/</AllowedFolder>
          <BlockedFolderEnabled>true</BlockedFolderEnabled>
          <BlockedFolder>Spam/Blocked Senders/</BlockedFolder>
          <DeleteMessagesFromBlockedSenders>true</DeleteMessagesFromBlockedSenders>
          <UseOutlookForms>false</UseOutlookForms>
          <TreatMismatchedSenderAsSpoofed>false</TreatMismatchedSenderAsSpoofed>
          <SpoofedHandling>Allow</SpoofedHandling>
          <RulesPipeline>
            <RulePipelineElements>AllowedSendersGlobal</RulePipelineElements>
            <RulePipelineElements>AllowedSendersPolicy</RulePipelineElements>
            <RulePipelineElements>AllowedSendersPersonal</RulePipelineElements>
            <RulePipelineElements>BlockedSendersGlobal</RulePipelineElements>
            <RulePipelineElements>BlockedSendersPolicy</RulePipelineElements>
            <RulePipelineElements>BlockedSendersPersonal</RulePipelineElements>
            <RulePipelineElements>BlockedCharacterSetsGlobal</RulePipelineElements>
            <RulePipelineElements>BlockedCharacterSetsPolicy</RulePipelineElements>
            <RulePipelineElements>CustomAllowGlobal</RulePipelineElements>
            <RulePipelineElements>CustomAllowPolicy</RulePipelineElements>
            <RulePipelineElements>CustomQuarantineGlobal</RulePipelineElements>
            <RulePipelineElements>CustomQuarantinePolicy</RulePipelineElements>
            <RulePipelineElements>CustomDeleteGlobal</RulePipelineElements>
            <RulePipelineElements>CustomDeletePolicy</RulePipelineElements>
          </RulesPipeline>
          <Rules>
            <AntiSpamRuleBase xsi:type="CustomRule">
              <Name>cialis</Name>
              <Action>Delete</Action>
              <CustomRuleField>Body</CustomRuleField>
              <ModifyPointsTiming>FirstOccurenceOnly</ModifyPointsTiming>
              <Points>0</Points>
              <SearchString>(?i)\bc.?[i1!:\|].?[a@/][\\]?.?[li17\|].?[i1!:\|].?[s235$]</SearchString>
              <SearchType>RegularExpression</SearchType>
            </AntiSpamRuleBase>
            <AntiSpamRuleBase xsi:type="BlockedSenderRule">
              <Name>justnet.org</Name>
              <Action>Delete</Action>
              <BlockedSendersList>
                <string>*@justnet.org</string>
              </BlockedSendersList>
            </AntiSpamRuleBase>
            <AntiSpamRuleBase xsi:type="CustomRule">
              <Name>ambien</Name>
              <Action>Delete</Action>
              <CustomRuleField>Body</CustomRuleField>
              <ModifyPointsTiming>FirstOccurenceOnly</ModifyPointsTiming>
              <Points>0</Points>
              <SearchString>(?i)[a@/]+\\?.?m+.?[b8]+.?[i:1!\|]+.?[e3€]+.?n+\b</SearchString>
              <SearchType>RegularExpression</SearchType>
            </AntiSpamRuleBase>
            <AntiSpamRuleBase xsi:type="CustomRule">
              <Name>enlargment body</Name>
              <Action>Delete</Action>
              <CustomRuleField>Body</CustomRuleField>
              <ModifyPointsTiming>FirstOccurenceOnly</ModifyPointsTiming>
              <Points>0</Points>
              <SearchString>(?i)enlargement</SearchString>
              <SearchType>RegularExpression</SearchType>
            </AntiSpamRuleBase>
            <AntiSpamRuleBase xsi:type="CustomRule">
              <Name>enlargment subject</Name>
              <Action>Delete</Action>
              <CustomRuleField>Subject</CustomRuleField>
              <ModifyPointsTiming>FirstOccurenceOnly</ModifyPointsTiming>
              <Points>0</Points>
              <SearchString>(?i)enlargement</SearchString>
              <SearchType>RegularExpression</SearchType>
            </AntiSpamRuleBase>
            <AntiSpamRuleBase xsi:type="CustomRule">
              <Name>prescription body</Name>
              <Action>Delete</Action>
              <CustomRuleField>Body</CustomRuleField>
              <ModifyPointsTiming>FirstOccurenceOnly</ModifyPointsTiming>
              <Points>0</Points>
              <SearchString>(?i)prescription</SearchString>
              <SearchType>RegularExpression</SearchType>
            </AntiSpamRuleBase>
            <AntiSpamRuleBase xsi:type="CustomRule">
              <Name>prescription subject</Name>
              <Action>Delete</Action>
              <CustomRuleField>Subject</CustomRuleField>
              <ModifyPointsTiming>FirstOccurenceOnly</ModifyPointsTiming>
              <Points>0</Points>
              <SearchString>(?i)prescription</SearchString>
              <SearchType>RegularExpression</SearchType>
            </AntiSpamRuleBase>
            <AntiSpamRuleBase xsi:type="CustomRule">
              <Name>ambien subject</Name>
              <Action>Delete</Action>
              <CustomRuleField>Subject</CustomRuleField>
              <ModifyPointsTiming>FirstOccurenceOnly</ModifyPointsTiming>
              <Points>0</Points>
              <SearchString>(?i)[a@/]+\\?.?m+.?[b8]+.?[i:1!\|]+.?[e3€]+.?n+\b</SearchString>
              <SearchType>RegularExpression</SearchType>
            </AntiSpamRuleBase>
            <AntiSpamRuleBase xsi:type="CustomRule">
              <Name>penis subject</Name>
              <Action>Delete</Action>
              <CustomRuleField>Subject</CustomRuleField>
              <ModifyPointsTiming>FirstOccurenceOnly</ModifyPointsTiming>
              <Points>0</Points>
              <SearchString>(?i)\bp+.?[e3€]+.?n+.?[i1!:\|]+.?[s5$]+\b</SearchString>
              <SearchType>RegularExpression</SearchType>
            </AntiSpamRuleBase>
            <AntiSpamRuleBase xsi:type="CustomRule">
              <Name>enlarge subject</Name>
              <Action>Delete</Action>
              <CustomRuleField>Subject</CustomRuleField>
              <ModifyPointsTiming>FirstOccurenceOnly</ModifyPointsTiming>
              <Points>0</Points>
              <SearchString>Enlarge</SearchString>
              <SearchType>Contains</SearchType>
            </AntiSpamRuleBase>
            <AntiSpamRuleBase xsi:type="CustomRule">
              <Name>bigger subject</Name>
              <Action>Delete</Action>
              <CustomRuleField>Subject</CustomRuleField>
              <ModifyPointsTiming>FirstOccurenceOnly</ModifyPointsTiming>
              <Points>0</Points>
              <SearchString>BIGGER</SearchString>
              <SearchType>Contains</SearchType>
            </AntiSpamRuleBase>
            <AntiSpamRuleBase xsi:type="CustomRule">
              <Name>supplement subject</Name>
              <Action>Delete</Action>
              <CustomRuleField>Subject</CustomRuleField>
              <ModifyPointsTiming>FirstOccurenceOnly</ModifyPointsTiming>
              <Points>0</Points>
              <SearchString>supplement</SearchString>
              <SearchType>Contains</SearchType>
            </AntiSpamRuleBase>
            <AntiSpamRuleBase xsi:type="CustomRule">
              <Name>enlarge display</Name>
              <Action>Delete</Action>
              <CustomRuleField>FromName</CustomRuleField>
              <ModifyPointsTiming>FirstOccurenceOnly</ModifyPointsTiming>
              <Points>0</Points>
              <SearchString>enlarge</SearchString>
              <SearchType>Contains</SearchType>
            </AntiSpamRuleBase>
            <AntiSpamRuleBase xsi:type="CustomRule">
              <Name>bigger display</Name>
              <Action>Delete</Action>
              <CustomRuleField>FromName</CustomRuleField>
              <ModifyPointsTiming>FirstOccurenceOnly</ModifyPointsTiming>
              <Points>0</Points>
              <SearchString>bigger</SearchString>
              <SearchType>Contains</SearchType>
            </AntiSpamRuleBase>
            <AntiSpamRuleBase xsi:type="CustomRule">
              <Name>supplement display</Name>
              <Action>Delete</Action>
              <CustomRuleField>FromName</CustomRuleField>
              <ModifyPointsTiming>FirstOccurenceOnly</ModifyPointsTiming>
              <Points>0</Points>
              <SearchString>supplement</SearchString>
              <SearchType>Contains</SearchType>
            </AntiSpamRuleBase>
            <AntiSpamRuleBase xsi:type="CustomRule">
              <Name>enlargment display</Name>
              <Action>Delete</Action>
              <CustomRuleField>FromName</CustomRuleField>
              <ModifyPointsTiming>FirstOccurenceOnly</ModifyPointsTiming>
              <Points>0</Points>
              <SearchString>enlargment</SearchString>
              <SearchType>Contains</SearchType>
            </AntiSpamRuleBase>
            <AntiSpamRuleBase xsi:type="CustomRule">
              <Name>penis display</Name>
              <Action>Delete</Action>
              <CustomRuleField>FromName</CustomRuleField>
              <ModifyPointsTiming>FirstOccurenceOnly</ModifyPointsTiming>
              <Points>0</Points>
              <SearchString>penis</SearchString>
              <SearchType>Contains</SearchType>
            </AntiSpamRuleBase>
            <AntiSpamRuleBase xsi:type="CustomRule">
              <Name>prescription display</Name>
              <Action>Delete</Action>
              <CustomRuleField>FromName</CustomRuleField>
              <ModifyPointsTiming>FirstOccurenceOnly</ModifyPointsTiming>
              <Points>0</Points>
              <SearchString>prescription</SearchString>
              <SearchType>Contains</SearchType>
            </AntiSpamRuleBase>
            <AntiSpamRuleBase xsi:type="CustomRule">
              <Name>Pf|zer</Name>
              <Action>Delete</Action>
              <CustomRuleField>Body</CustomRuleField>
              <ModifyPointsTiming>FirstOccurenceOnly</ModifyPointsTiming>
              <Points>0</Points>
              <SearchString>Pf|zer</SearchString>
              <SearchType>Contains</SearchType>
            </AntiSpamRuleBase>
            <AntiSpamRuleBase xsi:type="CustomRule">
              <Name>Pf|zer subject</Name>
              <Action>Delete</Action>
              <CustomRuleField>Subject</CustomRuleField>
              <ModifyPointsTiming>FirstOccurenceOnly</ModifyPointsTiming>
              <Points>0</Points>
              <SearchString>Pf|zer</SearchString>
              <SearchType>Contains</SearchType>
            </AntiSpamRuleBase>
            <AntiSpamRuleBase xsi:type="CustomRule">
              <Name>Rolex subject</Name>
              <Action>Delete</Action>
              <CustomRuleField>Subject</CustomRuleField>
              <ModifyPointsTiming>FirstOccurenceOnly</ModifyPointsTiming>
              <Points>0</Points>
              <SearchString>\b[Rr].?[OoQ0].?[LlIi17\|].?[Ee3€].?[Xx]</SearchString>
              <SearchType>RegularExpression</SearchType>
            </AntiSpamRuleBase>
            <AntiSpamRuleBase xsi:type="AllowedSenderRule">
              <Name>usendit</Name>
              <Action>Allow</Action>
              <AllowedSendersList>
                <string>delivery@yousendit.com</string>
              </AllowedSendersList>
            </AntiSpamRuleBase>
            <AntiSpamRuleBase xsi:type="AllowedSenderRule">
              <Name>Patty M Moore</Name>
              <Action>Allow</Action>
              <AllowedSendersList>
                <string>pattymmoore@gmail.com</string>
              </AllowedSendersList>
            </AntiSpamRuleBase>
            <AntiSpamRuleBase xsi:type="CustomRule">
              <Name>Car models</Name>
              <Action>Quarantine</Action>
              <CustomRuleField>Body</CustomRuleField>
              <ModifyPointsTiming>FirstOccurenceOnly</ModifyPointsTiming>
              <Points>0</Points>
              <SearchString>"**** models"</SearchString>
              <SearchType>Contains</SearchType>
            </AntiSpamRuleBase>
            <AntiSpamRuleBase xsi:type="AllowedSenderRule">
              <Name>*@marketcommunications.net</Name>
              <Action>Allow</Action>
              <AllowedSendersList>
                <string>*@marketcommunications.net</string>
              </AllowedSendersList>
            </AntiSpamRuleBase>
            <AntiSpamRuleBase xsi:type="CustomRule">
              <Name>Banned display names</Name>
              <Action>Delete</Action>
              <CustomRuleField>FromName</CustomRuleField>
              <ModifyPointsTiming>FirstOccurenceOnly</ModifyPointsTiming>
              <Points>0</Points>
              <SearchString>penis growth</SearchString>
              <SearchType>Contains</SearchType>
            </AntiSpamRuleBase>
            <AntiSpamRuleBase xsi:type="CustomRule">
              <Name>Pf|zer</Name>
              <Action>Quarantine</Action>
              <CustomRuleField>FromName</CustomRuleField>
              <ModifyPointsTiming>FirstOccurenceOnly</ModifyPointsTiming>
              <Points>0</Points>
              <SearchString>Pf|zer</SearchString>
              <SearchType>Contains</SearchType>
            </AntiSpamRuleBase>
            <AntiSpamRuleBase xsi:type="AllowedSenderRule">
              <Name>yousendit</Name>
              <Action>Allow</Action>
              <AllowedSendersList>
                <string>delivery@yousendit.com</string>
              </AllowedSendersList>
            </AntiSpamRuleBase>
            <AntiSpamRuleBase xsi:type="AllowedSenderRule">
              <Name>Cogent</Name>
              <Action>Allow</Action>
              <AllowedSendersList>
                <string>*@cogentco.com</string>
              </AllowedSendersList>
            </AntiSpamRuleBase>
            <AntiSpamRuleBase xsi:type="BlockedSenderRule">
              <Name>postmaster@kricket.net</Name>
              <Action>Delete</Action>
              <BlockedSendersList>
                <string>postmaster@kricket.net</string>
              </BlockedSendersList>
            </AntiSpamRuleBase>
            <AntiSpamRuleBase xsi:type="BlockedSenderRule">
              <Name>postmaster@kricket.net</Name>
              <Action>Delete</Action>
              <BlockedSendersList>
                <string>*@kricket.net</string>
              </BlockedSendersList>
            </AntiSpamRuleBase>
            <AntiSpamRuleBase xsi:type="CustomRule">
              <Name>House Payment</Name>
              <Action>Quarantine</Action>
              <CustomRuleField>Body</CustomRuleField>
              <ModifyPointsTiming>FirstOccurenceOnly</ModifyPointsTiming>
              <Points>0</Points>
              <SearchString>House Payment Reduced</SearchString>
              <SearchType>Contains</SearchType>
            </AntiSpamRuleBase>
            <AntiSpamRuleBase xsi:type="CustomRule">
              <Name>HYIP</Name>
              <Action>Quarantine</Action>
              <CustomRuleField>Body</CustomRuleField>
              <ModifyPointsTiming>FirstOccurenceOnly</ModifyPointsTiming>
              <Points>0</Points>
              <SearchString>HYIP</SearchString>
              <SearchType>Contains</SearchType>
            </AntiSpamRuleBase>
            <AntiSpamRuleBase xsi:type="CustomRule">
              <Name>Every Car</Name>
              <Action>Quarantine</Action>
              <CustomRuleField>Body</CustomRuleField>
              <ModifyPointsTiming>FirstOccurenceOnly</ModifyPointsTiming>
              <Points>0</Points>
              <SearchString>Every car</SearchString>
              <SearchType>Contains</SearchType>
            </AntiSpamRuleBase>
            <AntiSpamRuleBase xsi:type="CustomRule">
              <Name>weight</Name>
              <Action>Quarantine</Action>
              <CustomRuleField>Body</CustomRuleField>
              <ModifyPointsTiming>FirstOccurenceOnly</ModifyPointsTiming>
              <Points>0</Points>
              <SearchString>rapidly drop weight</SearchString>
              <SearchType>Contains</SearchType>
            </AntiSpamRuleBase>
            <AntiSpamRuleBase xsi:type="CustomRule">
              <Name>Smokeless</Name>
              <Action>Quarantine</Action>
              <CustomRuleField>Body</CustomRuleField>
              <ModifyPointsTiming>FirstOccurenceOnly</ModifyPointsTiming>
              <Points>0</Points>
              <SearchString>better smoking</SearchString>
              <SearchType>Contains</SearchType>
            </AntiSpamRuleBase>
            <AntiSpamRuleBase xsi:type="CustomRule">
              <Name>Lucrative</Name>
              <Action>Quarantine</Action>
              <CustomRuleField>Body</CustomRuleField>
              <ModifyPointsTiming>FirstOccurenceOnly</ModifyPointsTiming>
              <Points>0</Points>
              <SearchString>"Lucrative announcement"</SearchString>
              <SearchType>Contains</SearchType>
            </AntiSpamRuleBase>
            <AntiSpamRuleBase xsi:type="CustomRule">
              <Name>Overeating</Name>
              <Action>Quarantine</Action>
              <CustomRuleField>Subject</CustomRuleField>
              <ModifyPointsTiming>FirstOccurenceOnly</ModifyPointsTiming>
              <Points>0</Points>
              <SearchString>"stop overeating"</SearchString>
              <SearchType>Contains</SearchType>
            </AntiSpamRuleBase>
            <AntiSpamRuleBase xsi:type="BlockedSenderRule">
              <Name>e8clock.com</Name>
              <Action>Delete</Action>
              <BlockedSendersList>
                <string>*@e8clock.com</string>
              </BlockedSendersList>
            </AntiSpamRuleBase>
            <AntiSpamRuleBase xsi:type="CustomRule">
              <Name>Scout Exploration</Name>
              <Action>Delete</Action>
              <CustomRuleField>Body</CustomRuleField>
              <ModifyPointsTiming>FirstOccurenceOnly</ModifyPointsTiming>
              <Points>0</Points>
              <SearchString>Scout Exploration</SearchString>
              <SearchType>Contains</SearchType>
            </AntiSpamRuleBase>
          </Rules>
        </Policy>
      </Policies>
    </AntiSpamPluginSettings>
  </xmlSerializerSection>
</AntiSpamPluginSettings>