<?xml version="1.0" encoding="utf-8" ?>
<AntiVirusPolicyDefaultValues>
	<xmlSerializerSection type="Ninja.Plugins.AVPlugin.AntiVirusPolicy, Ninja.Plugins.Antivirus, Version=1.0.0.0, Culture=neutral, PublicKeyToken=d55e396ab78e9461">
		<AntiVirusPolicy xmlns:xsd="http://www.w3.org/2001/XMLSchema" xmlns:xsi="http://www.w3.org/2001/XMLSchema-instance">		
			<ID>0</ID>
          <Name>Default AntiVirus Policy</Name>
          <Enabled>true</Enabled>
          <IsDefault>false</IsDefault>
          <InfectedMessageHandlingAction>HandleInfectedItemsIndividually</InfectedMessageHandlingAction>
          <IndividualInfectedItemAction>Clean</IndividualInfectedItemAction>
          <UnableToCleanItemAction>Quarantine</UnableToCleanItemAction>
          <ReplaceItemWithText>true</ReplaceItemWithText>
          <ReplacementText>The file "%FILENAME%" was infected with %VIRUSNAME% by %ENGINE% and has been %ACTION%.</ReplacementText>
          <PrependToSubjectOfInfectedMessages>false</PrependToSubjectOfInfectedMessages>
          <PrependToSubjectOfInfectedMessagesText>%ACTION%</PrependToSubjectOfInfectedMessagesText>
          <AppendToBody>false</AppendToBody>
          <AppendToBodyText>Message scanned.</AppendToBodyText>
          <CorruptCompressedFilesAction>Quarantine</CorruptCompressedFilesAction>
          <EncryptedCompressedFilesAction>Quarantine</EncryptedCompressedFilesAction>
          <EncryptedMessagesAction>Deliver</EncryptedMessagesAction>
          <SignedMessagesAction>Quarantine</SignedMessagesAction>
          <AntivirusEngineErrorAction>Quarantine</AntivirusEngineErrorAction>
          <EnableNotifications>false</EnableNotifications>
          <Notifications>
            <anyType xsi:type="NinjaNotification">
              <Enabled>true</Enabled>
              <Name>Notify Postmaster</Name>
              <From>VIPRE-Antivirus-Filter@&lt;domain&gt;</From>
              <To>%POSTMASTER%</To>
              <CC />
              <BCC />
              <Subject>Virus %ACTION%</Subject>
              <Body>A file named "%FILENAME%" was infected with the "%VIRUSNAME%" virus.  It was sentfFrom %SENDER% To %RECIPIENT%. It was detected by %ENGINE% and was %ACTION%.</Body>
            </anyType>
            <anyType xsi:type="NinjaNotification">
              <Enabled>false</Enabled>
              <Name>Virus Recipient (External)</Name>
              <From>VIPRE-Antivirus-Filter@&lt;domain&gt;</From>
              <To>%RECIPIENT%</To>
              <CC />
              <BCC />
              <Subject>Virus %ACTION%</Subject>
              <Body>A file named "%FILENAME%" was infected with the "%VIRUSNAME%" virus.  It was sentfFrom %SENDER% To %RECIPIENT%. It was detected by %ENGINE% and was %ACTION%.</Body>
            </anyType>
            <anyType xsi:type="NinjaNotification">
              <Enabled>true</Enabled>
              <Name>Virus Recipient (Internal)</Name>
              <From>VIPRE-Antivirus-Filter@&lt;domain&gt;</From>
              <To>%RECIPIENT%</To>
              <CC />
              <BCC />
              <Subject>Virus %ACTION%</Subject>
              <Body>A file named "%FILENAME%" was infected with the "%VIRUSNAME%" virus.  It was sentfFrom %SENDER% To %RECIPIENT%. It was detected by %ENGINE% and was %ACTION%.</Body>
            </anyType>
            <anyType xsi:type="NinjaNotification">
              <Enabled>false</Enabled>
              <Name>Virus Sender (External)</Name>
              <From>VIPRE-Antivirus-Filter@&lt;domain&gt;</From>
              <To>%SENDER%</To>
              <CC />
              <BCC />
              <Subject>Virus %ACTION%</Subject>
              <Body>A file named "%FILENAME%" was infected with the "%VIRUSNAME%" virus.  It was sentfFrom %SENDER% To %RECIPIENT%. It was detected by %ENGINE% and was %ACTION%.</Body>
            </anyType>
            <anyType xsi:type="NinjaNotification">
              <Enabled>true</Enabled>
              <Name>Virus Sender (Internal)</Name>
              <From>VIPRE-Antivirus-Filter@&lt;domain&gt;</From>
              <To>%SENDER%</To>
              <CC />
              <BCC />
              <Subject>Virus %ACTION%</Subject>
              <Body>A file named "%FILENAME%" was infected with the "%VIRUSNAME%" virus.  It was sentfFrom %SENDER% To %RECIPIENT%. It was detected by %ENGINE% and was %ACTION%.</Body>
            </anyType>
          </Notifications>
		</AntiVirusPolicy>
	</xmlSerializerSection>
</AntiVirusPolicyDefaultValues>