﻿<?xml version="1.0" encoding="utf-8"?>
<AntiVirusPluginSettings>
  <xmlSerializerSection type="Ninja.Plugins.AVPlugin.AntiVirusPluginSettings, Ninja.Plugins.Antivirus, Version=1.0.0.0, Culture=neutral, PublicKeyToken=d55e396ab78e9461">
    <AntiVirusPluginSettings xmlns:xsi="http://www.w3.org/2001/XMLSchema-instance" xmlns:xsd="http://www.w3.org/2001/XMLSchema">
      <GlobalSettings>
        <MaxNestedArchives>5</MaxNestedArchives>
        <MaxNestedArchiveLimitAction>QUARANTINE</MaxNestedArchiveLimitAction>
        <MaxArchiveSizeExceededAction>QUARANTINE</MaxArchiveSizeExceededAction>
        <MaxScanSize>51200</MaxScanSize>
        <AntivirusPluginEnabled>true</AntivirusPluginEnabled>
        <IndividualInfectedItemAction>Clean</IndividualInfectedItemAction>
        <UnableToCleanItemAction>Delete</UnableToCleanItemAction>
        <ReplaceItemWithText>true</ReplaceItemWithText>
        <ReplacementText>The file "%FILENAME%" was found to be infected with %INFECTION% by %ANTIVIRUSENGINE% and has been %ACTION%.</ReplacementText>
        <CorruptCompressedFilesAction>Quarantine</CorruptCompressedFilesAction>
        <EncryptedCompressedFilesAction>Quarantine</EncryptedCompressedFilesAction>
        <EncryptedMessagesAction>Deliver</EncryptedMessagesAction>
        <SignedMessagesAction>Quarantine</SignedMessagesAction>
        <AntivirusEngineErrorAction>Quarantine</AntivirusEngineErrorAction>
        <EnableNotifications>false</EnableNotifications>
        <Notifications>
          <anyType xsi:type="AntiVirusNotification">
            <Enabled>true</Enabled>
            <Name>Message Body Part Deleted</Name>
            <From>VIPRE-Antivirus-Filter</From>
            <To />
            <CC />
            <BCC />
            <Subject>Virus %ACTION%</Subject>
            <Body>A part of the message body was infected with "%INFECTION%".  It was detected by %ANTIVIRUSENGINE% and was %ACTION%.</Body>
            <NotificationType>AdminsMessagePartDeleted</NotificationType>
          </anyType>
          <anyType xsi:type="AntiVirusNotification">
            <Enabled>true</Enabled>
            <Name>Message Attachment Deleted</Name>
            <From>VIPRE-Antivirus-Filter</From>
            <To />
            <CC />
            <BCC />
            <Subject>Virus %ACTION%</Subject>
            <Body>A message attachment was infected with "%INFECTION%".  It was detected by %ANTIVIRUSENGINE% and was %ACTION%.</Body>
            <NotificationType>AdminsAttachmentDeleted</NotificationType>
          </anyType>
          <anyType xsi:type="AntiVirusNotification">
            <Enabled>true</Enabled>
            <Name>Message Body Part Quarantined</Name>
            <From>VIPRE-Antivirus-Filter</From>
            <To />
            <CC />
            <BCC />
            <Subject>Virus %ACTION%</Subject>
            <Body>A message part was infected with "%INFECTION%".  It was detected by %ANTIVIRUSENGINE% and was %ACTION%.</Body>
            <NotificationType>AdminsMessagePartQuarantined</NotificationType>
          </anyType>
          <anyType xsi:type="AntiVirusNotification">
            <Enabled>true</Enabled>
            <Name>Message Attachment Quarantined</Name>
            <From>VIPRE-Antivirus-Filter</From>
            <To />
            <CC />
            <BCC />
            <Subject>Virus %ACTION%</Subject>
            <Body>A message attachment was infected with "%INFECTION%".  It was detected by %ANTIVIRUSENGINE% and was %ACTION%.</Body>
            <NotificationType>AdminsAttachmentQuarantined</NotificationType>
          </anyType>
        </Notifications>
        <ReplaceTopLevelArchive>false</ReplaceTopLevelArchive>
        <Engines>
          <AntivirusEngineInfo>
            <Name>VIPRE®</Name>
            <DisplayName>VIPRE®</DisplayName>
            <Type>Ninja.Plugins.Antivirus.Vipre.NinjaWrapper, Ninja.Plugins.Antivirus.Vipre, Version=1.0.0.0, Culture=neutral, PublicKeyToken=d55e396ab78e9461</Type>
            <Version>1.0</Version>
            <Enabled>true</Enabled>
            <Priority>0</Priority>
          </AntivirusEngineInfo>
          <AntivirusEngineInfo>
            <Name>Authentium</Name>
            <DisplayName>Authentium</DisplayName>
            <Type>Ninja.Plugins.AVPlugin.AuthentiumAVEngine, Ninja.Plugins.AntiVirus, Version=1.0.0.0, Culture=neutral, PublicKeyToken=d55e396ab78e9461</Type>
            <Version>1.0</Version>
            <Enabled>true</Enabled>
            <Priority>0</Priority>
          </AntivirusEngineInfo>
        </Engines>
      </GlobalSettings>
    </AntiVirusPluginSettings>
  </xmlSerializerSection>
</AntiVirusPluginSettings>