<?xml version="1.0" encoding="utf-8"?>
<AttachmentFilteringPluginSettings>
  <xmlSerializerSection type="Ninja.Plugins.AttachmentFilteringPlugin.AttachmentFilteringPluginSettings, Ninja.Plugins.AttachmentFilter, Version=1.0.0.0, Culture=neutral, PublicKeyToken=cc74109496d41398">
    <AttachmentFilteringPluginSettings xmlns:xsd="http://www.w3.org/2001/XMLSchema" xmlns:xsi="http://www.w3.org/2001/XMLSchema-instance">
      <GlobalSettings>
        <Rules />
        <ProcessingOrder>GlobalRulesFirst</ProcessingOrder>
        <MaxNestedFiles>5</MaxNestedFiles>
        <MaxUncompressedSize>51200</MaxUncompressedSize>
        <MaxNestedFilesAction>Quarantine</MaxNestedFilesAction>
        <MaxUncompressedSizeAction>Quarantine</MaxUncompressedSizeAction>
        <EnableExtensionFiltering>true</EnableExtensionFiltering>
        <AddXHeader>true</AddXHeader>
      </GlobalSettings>
      <Policies>
        <Policy xsi:type="AttachmentFilteringPolicy">
          <ID>3</ID>
          <Name>Default Attachment Filtering Policy</Name>
          <Enabled>false</Enabled>
          <IsDefault>true</IsDefault>
          <EnableSmartFiltering>true</EnableSmartFiltering>
          <EnableReplaceItemWithText>true</EnableReplaceItemWithText>
          <ReplacementText>The %FILENAME% has been blocked by the recipient policy.</ReplacementText>
          <EnableNotifications>false</EnableNotifications>
          <Notifications>
            <anyType xsi:type="AttachmentFilteringNotification">
              <Enabled>true</Enabled>
              <Name>File Deleted Notification</Name>
              <From>VIPRE-Attachment-Filter</From>
              <To></To>
              <CC />
              <BCC />
              <Subject>File "%FILENAME%" was %ACTION%</Subject>
              <Body>A file with the name "%FILENAME%" was sent from %SENDER% to %RECIPIENTS%. This type of file is not permitted because: %REASON%

The file was %ACTION%.</Body>
              <NotificationType>FileDeletedNotifyAdmins</NotificationType>
            </anyType>
            <anyType xsi:type="AttachmentFilteringNotification">
              <Enabled>false</Enabled>
              <Name>File Deleted (External Recipient)</Name>
              <From>VIPRE-Attachment-Filter</From>
              <To>%RECIPIENTS%</To>
              <CC>%CC%</CC>
              <BCC>%BCC%</BCC>
              <Subject>File "%FILENAME%" was %ACTION%</Subject>
              <Body>A file with the name "%FILENAME%" was sent from %SENDER% to %RECIPIENTS%. This type of file is not permitted because: %REASON%

The file was %ACTION%.</Body>
              <NotificationType>FileDeletedExternalRecipients</NotificationType>
            </anyType>
            <anyType xsi:type="AttachmentFilteringNotification">
              <Enabled>true</Enabled>
              <Name>File Deleted (Internal Recipient)</Name>
              <From>VIPRE-Attachment-Filter</From>
              <To>%RECIPIENTS%</To>
              <CC>%CC%</CC>
              <BCC>%BCC%</BCC>
              <Subject>File "%FILENAME%" was %ACTION%</Subject>
              <Body>A file with the name "%FILENAME%" was sent from %SENDER% to %RECIPIENTS%. This type of file is not permitted because: %REASON%

The file was %ACTION%.</Body>
              <NotificationType>FileDeletedInternalRecipients</NotificationType>
            </anyType>
            <anyType xsi:type="AttachmentFilteringNotification">
              <Enabled>false</Enabled>
              <Name>File Deleted (External Sender)</Name>
              <From>VIPRE-Attachment-Filter</From>
              <To>%SENDER%</To>
              <CC />
              <BCC />
              <Subject>File "%FILENAME%" was %ACTION%</Subject>
              <Body>A file with the name "%FILENAME%" was sent from %SENDER% to %RECIPIENTS%. This type of file is not permitted because: %REASON%

The file was %ACTION%.</Body>
              <NotificationType>FileDeletedExternalSender</NotificationType>
            </anyType>
            <anyType xsi:type="AttachmentFilteringNotification">
              <Enabled>true</Enabled>
              <Name>File Deleted (Internal Sender)</Name>
              <From>VIPRE-Attachment-Filter</From>
              <To>%SENDER%</To>
              <CC />
              <BCC />
              <Subject>File "%FILENAME%" was %ACTION%</Subject>
              <Body>A file with the name "%FILENAME%" was sent from %SENDER% to %RECIPIENTS%. This type of file is not permitted because: %REASON%

The file was %ACTION%.</Body>
              <NotificationType>FileDeletedInternalSender</NotificationType>
            </anyType>
            <anyType xsi:type="AttachmentFilteringNotification">
              <Enabled>true</Enabled>
              <Name>File Quarantined Notification</Name>
              <From>VIPRE-Attachment-Filter</From>
              <To></To>
              <CC />
              <BCC />
              <Subject>File "%FILENAME%" was %ACTION%</Subject>
              <Body>A file with the name "%FILENAME%" was sent from %SENDER% to %RECIPIENTS%. This type of file is not permitted because: %REASON%

The file was %ACTION%.</Body>
              <NotificationType>FileQuarantinedNotifyAdmins</NotificationType>
            </anyType>
            <anyType xsi:type="AttachmentFilteringNotification">
              <Enabled>false</Enabled>
              <Name>File Quarantined (External Recipient)</Name>
              <From>VIPRE-Attachment-Filter</From>
              <To>%RECIPIENTS%</To>
              <CC>%CC%</CC>
              <BCC>%BCC%</BCC>
              <Subject>File "%FILENAME%" was %ACTION%</Subject>
              <Body>A file with the name "%FILENAME%" was sent from %SENDER% to %RECIPIENTS%. This type of file is not permitted because: %REASON%

The file was %ACTION%.</Body>
              <NotificationType>FileQuarantinedExternalRecipients</NotificationType>
            </anyType>
            <anyType xsi:type="AttachmentFilteringNotification">
              <Enabled>true</Enabled>
              <Name>File Quarantined (Internal Recipient)</Name>
              <From>VIPRE-Attachment-Filter</From>
              <To>%RECIPIENTS%</To>
              <CC>%CC%</CC>
              <BCC>%BCC%</BCC>
              <Subject>File "%FILENAME%" was %ACTION%</Subject>
              <Body>A file with the name "%FILENAME%" was sent from %SENDER% to %RECIPIENTS%. This type of file is not permitted because: %REASON%

The file was %ACTION%.</Body>
              <NotificationType>FileQuarantinedInternalRecipient</NotificationType>
            </anyType>
            <anyType xsi:type="AttachmentFilteringNotification">
              <Enabled>false</Enabled>
              <Name>File Quarantined (External Sender)</Name>
              <From>VIPRE-Attachment-Filter</From>
              <To>%SENDER%</To>
              <CC />
              <BCC />
              <Subject>File "%FILENAME%" was %ACTION%</Subject>
              <Body>A file with the name "%FILENAME%" was sent from %SENDER% to %RECIPIENTS%. This type of file is not permitted because: %REASON%

The file was %ACTION%.</Body>
              <NotificationType>FileQuarantinedExternalSender</NotificationType>
            </anyType>
            <anyType xsi:type="AttachmentFilteringNotification">
              <Enabled>true</Enabled>
              <Name>File Quarantined (Internal Sender)</Name>
              <From>VIPRE-Attachment-Filter</From>
              <To>%SENDER%</To>
              <CC />
              <BCC />
              <Subject>File "%FILENAME%" was %ACTION%</Subject>
              <Body>A file with the name "%FILENAME%" was sent from %SENDER% to %RECIPIENTS%. This type of file is not permitted because: %REASON%

The file was %ACTION%.</Body>
              <NotificationType>FileQuarantinedInternalSender</NotificationType>
            </anyType>
          </Notifications>
          <Rules />
          <CorruptCompressedFilesAction>Allow</CorruptCompressedFilesAction>
          <PasswordProtectedCompressedFilesAction>Allow</PasswordProtectedCompressedFilesAction>
          <AttachmentFilterEngineErrorAction>Allow</AttachmentFilterEngineErrorAction>
        </Policy>
      </Policies>
    </AttachmentFilteringPluginSettings>
  </xmlSerializerSection>
</AttachmentFilteringPluginSettings>