﻿<?xml version="1.0" encoding="utf-8"?>
<cachingConfiguration>
  <xmlSerializerSection type="Microsoft.Practices.EnterpriseLibrary.Caching.Configuration.CacheManagerSettings, Microsoft.Practices.EnterpriseLibrary.Caching, Version=1.1.0.0, Culture=neutral, PublicKeyToken=425fa1c8f6409d44">
    <enterpriseLibrary.cacheSettings xmlns:xsd="http://www.w3.org/2001/XMLSchema" xmlns:xsi="http://www.w3.org/2001/XMLSchema-instance" defaultCacheManager="Connection Filter Cache" xmlns="http://www.microsoft.com/practices/enterpriselibrary/08-31-2004/cache">
      <cacheManagers>
        <cacheManager name="ConnectionFilterCache" expirationPollFrequencyInSeconds="60" maximumElementsInCacheBeforeScavenging="2000" numberToRemoveWhenScavenging="100">
          <cacheStorage xsi:type="CustomCacheStorageData" name="Null Storage" type="Microsoft.Practices.EnterpriseLibrary.Caching.BackingStoreImplementations.NullBackingStore, Microsoft.Practices.EnterpriseLibrary.Caching, Version=1.1.0.0, Culture=neutral, PublicKeyToken=425fa1c8f6409d44">
            <extensions />
          </cacheStorage>
        </cacheManager>
        <cacheManager name="GreyListingCache" expirationPollFrequencyInSeconds="60" maximumElementsInCacheBeforeScavenging="100000" numberToRemoveWhenScavenging="100">
          <cacheStorage xsi:type="CustomCacheStorageData" name="Null Storage" type="Microsoft.Practices.EnterpriseLibrary.Caching.BackingStoreImplementations.NullBackingStore, Microsoft.Practices.EnterpriseLibrary.Caching, Version=1.1.0.0, Culture=neutral, PublicKeyToken=425fa1c8f6409d44">
            <extensions />
          </cacheStorage>
        </cacheManager>
        <cacheManager name="EmailRecipientCache" expirationPollFrequencyInSeconds="60" maximumElementsInCacheBeforeScavenging="1000" numberToRemoveWhenScavenging="10">
          <cacheStorage xsi:type="IsolatedStorageCacheStorageData" name="Isolated Storage" partitionName="NINJA">
            <storageEncryption xsi:type="SymmetricStorageEncryptionProviderData" name="Storage Encryption" symmetricInstance="DESCryptoServiceProvider" />
          </cacheStorage>
        </cacheManager>
      </cacheManagers>
    </enterpriseLibrary.cacheSettings>
  </xmlSerializerSection>
</cachingConfiguration>