﻿<?xml version="1.0" encoding="utf-8"?>
<CloudmarkSettings>
  <xmlSerializerSection type="Ninja.Plugins.AntiSpam.Engines.CloudmarkSettings, Ninja.Plugins.AntiSpam, Version=1.0.0.0, Culture=neutral, PublicKeyToken=39885b566db2b4c7">
    <CloudmarkSettings xmlns:xsi="http://www.w3.org/2001/XMLSchema-instance" xmlns:xsd="http://www.w3.org/2001/XMLSchema">
      <MicroUpdateHostName>microupdates.cloudmark.com</MicroUpdateHostName>
      <MicroUpdateInterval>auto</MicroUpdateInterval>
      <MicroUpdateTimeout>60</MicroUpdateTimeout>
      <EnableMicroUpdates>yes</EnableMicroUpdates>
      <DownloadMicroUpdatesBeforeInit>no</DownloadMicroUpdatesBeforeInit>
      <ConsiderEmptyMessagesSpam>yes</ConsiderEmptyMessagesSpam>
      <ReportStatistics>yes</ReportStatistics>
      <CustomerId>sunbelt</CustomerId>
      <FavorAnalysisOverSpeed>no</FavorAnalysisOverSpeed>
      <HttpProxy />
      <HttpProxyBasicAuth />
      <HttpProxyNtlmAuth />
      <MicroUpdateSignatureType>comprehensive.4</MicroUpdateSignatureType>
    </CloudmarkSettings>
  </xmlSerializerSection>
</CloudmarkSettings>