﻿<?xml version="1.0" encoding="utf-8"?>
<ConnectionFilteringSettings>
  <xmlSerializerSection type="Ninja.Core.ConnectionFiltering.ConnectionFilteringSettings, Ninja.Core, Version=1.0.0.0, Culture=neutral, PublicKeyToken=f8d89661fc40a3a3">
    <ConnectionFilteringSettings xmlns:xsi="http://www.w3.org/2001/XMLSchema-instance" xmlns:xsd="http://www.w3.org/2001/XMLSchema">
      <SpfCheckEnabled>true</SpfCheckEnabled>
      <AllowTypePass>true</AllowTypePass>
      <AllowTypeHardFail>false</AllowTypeHardFail>
      <AllowTypeSoftFail>true</AllowTypeSoftFail>
      <AllowTypeNeutral>true</AllowTypeNeutral>
      <AllowTypeUnknown>true</AllowTypeUnknown>
      <AllowTypeNone>true</AllowTypeNone>
      <AllowTypeUnMech>true</AllowTypeUnMech>
      <IpWhiteListEnabled>false</IpWhiteListEnabled>
      <IpRanges />
      <RBLServers>
        <RBLServer>
          <Name>zen.spamhaus.org</Name>
          <Enabled>true</Enabled>
          <RblDisplayName>zen.spamhaus.org</RblDisplayName>
          <TimeOut>2000</TimeOut>
          <Occurrences>0</Occurrences>
        </RBLServer>
        <RBLServer>
          <Name>bl.spamcop.net</Name>
          <Enabled>true</Enabled>
          <RblDisplayName>bl.spamcop.net</RblDisplayName>
          <TimeOut>2000</TimeOut>
          <Occurrences>0</Occurrences>
        </RBLServer>
      </RBLServers>
      <RblCheckEnabled>true</RblCheckEnabled>
      <PurgeRecordsAfter>TwelveHours</PurgeRecordsAfter>
      <SpfSmtpErrorCode>550</SpfSmtpErrorCode>
      <SpfSmtpErrorText>550 Message rejected because SPF check failed</SpfSmtpErrorText>
      <RblSmtpErrorCode>550</RblSmtpErrorCode>
      <RblSmtpErrorText>550 Message rejected because of RBL policy</RblSmtpErrorText>
    </ConnectionFilteringSettings>
  </xmlSerializerSection>
</ConnectionFilteringSettings>