<?xml version="1.0" encoding="utf-8"?>
<DatabaseAuthenticationSettings>
  <xmlSerializerSection type="Ninja.Core.Reporting.DatabaseAuthenticationSettings, Ninja.Core, Version=1.0.0.0, Culture=neutral, PublicKeyToken=f8d89661fc40a3a3">
    <DatabaseAuthenticationSettings xmlns:xsd="http://www.w3.org/2001/XMLSchema" xmlns:xsi="http://www.w3.org/2001/XMLSchema-instance">
      <IsSqlServer>false</IsSqlServer>
      <ServerName>(local)</ServerName>
      <AuthenticationIndex>1</AuthenticationIndex>
      <UserName>sa</UserName>
      <Password>Sqzq6+jfu08=</Password>
      <IsUseBlankPassword>true</IsUseBlankPassword>
      <Enabled>true</Enabled>
      <IsMsAccess>true</IsMsAccess>
      <MsAccessPath>Data\NinjaReporting.mdb</MsAccessPath>
      <TimeoutInSeconds>300</TimeoutInSeconds>
      <ReportingAutoPurgeEnabled>true</ReportingAutoPurgeEnabled>
      <ReportingAutoPurgeOlderThanDaysNum>90</ReportingAutoPurgeOlderThanDaysNum>
      <ReportingAutoPurgeTimerDueTimeInMinutes>5</ReportingAutoPurgeTimerDueTimeInMinutes>
      <ReportingAutoPurgeTimerPeriodInMinutes>1440</ReportingAutoPurgeTimerPeriodInMinutes>
      <ReportingManualPurgeDateTime>2007-01-01T12:00:00.0000-05:00</ReportingManualPurgeDateTime>
      <ReportingPurgeTableNames>
        <string>AntiSpamStats</string>
        <string>AntiSpamUserStats</string>
        <string>BlockIPs</string>
        <string>BlockIPsPerRBL</string>
        <string>GreyListingStats</string>
        <string>RulesAction</string>
        <string>TopSpamDomains</string>
        <string>TopSpamEmailAddresses</string>
        <string>TopSpamHosts</string>
        <string>AttachmentFilteringStats</string>
        <string>AttachmentFilterUserStats</string>
        <string>FileExtensionStats</string>
        <string>InfectedFiles</string>
        <string>AntiVirusItemStats</string>
        <string>AntiVirusStats</string>
        <string>VirusesFound</string>
        <string>VirusSenders</string>
        <string>DisclaimersStats</string>
        <string>DisclaimersUserStats</string>
      </ReportingPurgeTableNames>
    </DatabaseAuthenticationSettings>
  </xmlSerializerSection>
</DatabaseAuthenticationSettings>