<?xml version="1.0" encoding="utf-8"?>
<DisclaimersTemplates>
  <xmlSerializerSection type="Ninja.Plugins.Disclaimers.TemplatesCollection, Ninja.Plugins.Disclaimers, Version=1.0.0.0, Culture=neutral, PublicKeyToken=d08e33a54c94db4e">
    <ArrayOfTemplate xmlns:xsi="http://www.w3.org/2001/XMLSchema-instance" xmlns:xsd="http://www.w3.org/2001/XMLSchema">
      <Template>
        <Id>b065620d-f6e7-44d3-85b2-49822d4f90dd</Id>
        <TextPlainPart>
&lt;!br!&gt;This message is intended only for the recipient to which it is addressed. It may contain confidential information that is subject to copyright. If you are not the intended recipient, you are hereby notified that any dissemination, copying or distribution of this message, or files associated with this message, is strictly prohibited. If you have received this message in error, please notify us immediately by replying to the message and deleting it from your computer. Messages sent to and from us may be monitored. </TextPlainPart>
        <TextHtmlPart>&lt;P&gt;This message is intended only for the recipient to which it is addressed. It may contain confidential information that is subject to copyright. If you are not the intended recipient, you are hereby notified that any dissemination, copying or distribution of this message, or files associated with this message, is strictly prohibited. If you have received this message in error, please notify us immediately by replying to the message and deleting it from your computer. Messages sent to and from us may be monitored.&lt;/P&gt;</TextHtmlPart>
        <EmbeddedObjects />
        <Name>Sample copyright disclaimer</Name>
        <DateModified>2007-03-01T11:44:57.7505795-05:00</DateModified>
        <TemplatePosition>Bottom</TemplatePosition>
      </Template>
      <Template>
        <Id>5f438200-ed43-4c38-9f95-f9a27f023b66</Id>
        <TextPlainPart>
&lt;!br!&gt;Internet communications are not guaranteed to be secure or error-free. Information can arrive late or incomplete, be intercepted, corrupted, lost, destroyed, or contain viruses. Therefore, we do not accept responsibility for any errors or omissions that are in this message or any attachment. If verification is required, please request a hard-copy. Any views or opinions presented are solely those of the author and do not necessarily represent those of the company.</TextPlainPart>
        <TextHtmlPart>&lt;P&gt;Internet communications are not guaranteed to be secure or error-free. Information can arrive late or incomplete, be intercepted, corrupted, lost, destroyed, or contain viruses. Therefore, we do not accept responsibility for any errors or omissions that are in this message or any attachment. If verification is required, please request a hard-copy. Any views or opinions presented are solely those of the author and do not necessarily represent those of the company.&lt;/P&gt;</TextHtmlPart>
        <EmbeddedObjects />
        <Name>Sample non-liable disclaimer</Name>
        <DateModified>2007-03-01T11:45:43.7520515-05:00</DateModified>
        <TemplatePosition>Bottom</TemplatePosition>
      </Template>
      <Template>
        <Id>75de80b8-685f-4beb-9581-d9d52d969963</Id>
        <TextPlainPart>
&lt;!br!&gt;WARNING: Computer viruses can be transmitted through email. The recipient should verify this email and any attachments for viruses. The company does not accept liability for damage caused by any virus transmitted via this email.</TextPlainPart>
        <TextHtmlPart>&lt;P&gt;WARNING: Computer viruses can be transmitted through email. The recipient should verify this email and any attachments for viruses. The company does not accept liability for damage caused by any virus transmitted via this email.&lt;/P&gt;</TextHtmlPart>
        <EmbeddedObjects />
        <Name>Sample virus warning disclaimer</Name>
        <DateModified>2007-03-01T11:46:28.4409815-05:00</DateModified>
        <TemplatePosition>Bottom</TemplatePosition>
      </Template>
      <Template>
        <Id>fd2981d8-e166-49a3-8cff-a960f775d6b2</Id>
        <TextPlainPart>
&lt;!br!&gt;Kind regards,
&lt;!br!&gt;
&lt;!br!&gt;%ad_givenName% %ad_sn%
&lt;!br!&gt;
&lt;!br!&gt;%ad_title%
&lt;!br!&gt;%ad_company%
&lt;!br!&gt;%ad_streetAddress%
&lt;!br!&gt;%ad_l%, %ad_st%	%ad_postalCode%
&lt;!br!&gt;%ad_telephoneNumber%	
&lt;!br!&gt;%ad_facsimileTelephoneNumber%	
&lt;!br!&gt;%ad_mobile% 	
&lt;!br!&gt;%ad_mail%
&lt;!br!&gt;%ad_wWWHomePage%</TextPlainPart>
        <TextHtmlPart>&lt;P&gt;Kind regards,&lt;/P&gt;
&lt;P&gt;%ad_givenName% %ad_sn%&lt;/P&gt;%ad_title%&lt;BR&gt;%ad_company%&lt;BR&gt;%ad_streetAddress%&lt;BR&gt;%ad_l%, %ad_st% %ad_postalCode%&lt;BR&gt;%ad_telephoneNumber%&lt;BR&gt;%ad_facsimileTelephoneNumber%&lt;BR&gt;%ad_mobile%&lt;BR&gt;%ad_mail%&lt;BR&gt;%ad_wWWHomePage%</TextHtmlPart>
        <EmbeddedObjects />
        <Name>Sample signature from AD</Name>
        <DateModified>2007-03-01T11:46:03.768317-05:00</DateModified>
        <TemplatePosition>Bottom</TemplatePosition>
      </Template>
      <Template>
        <Id>95fd9562-685f-43d2-bbcb-8194f99a16ee</Id>
        <TextPlainPart>
&lt;!br!&gt;Note: please read the disclaimer at the end of this message.</TextPlainPart>
        <TextHtmlPart>&lt;P&gt;Note: please read the disclaimer at the end of this message.&lt;/P&gt;</TextHtmlPart>
        <EmbeddedObjects />
        <Name>Sample disclaimer follows note</Name>
        <DateModified>2007-03-01T11:45:09.5009555-05:00</DateModified>
        <TemplatePosition>Top</TemplatePosition>
      </Template>
      <Template>
        <Id>5392a0a7-442f-4995-8118-4ddfbc03129a</Id>
        <TextPlainPart>
&lt;!br!&gt;%ad_company% does not accept liability for the content in this email, or for the results of actions taken based on the information provided, unless that information is confirmed in writing.</TextPlainPart>
        <TextHtmlPart>&lt;P&gt;%ad_company% does not accept liability for the content in this email, or for the results of actions taken based on the information provided, unless that information is confirmed in writing.&lt;/P&gt;</TextHtmlPart>
        <EmbeddedObjects />
        <Name>Sample company non-liable disclaimer</Name>
        <DateModified>2007-03-01T11:44:02.2488035-05:00</DateModified>
        <TemplatePosition>Bottom</TemplatePosition>
      </Template>
      <Template>
        <Id>90a500f6-cf4a-4f17-9071-d6334e51226d</Id>
        <TextPlainPart>
&lt;!br!&gt;This message is only for the intended recipient(s). Employees are required to refrain from making defamatory statements and refrain from infringing or authorize any copyright infringement or any other legal right via email. Any communication that is contrary to company policy and outside the scope of the employment of the individual concerned. %ad_company% does not accept liability in respect to such communication. In addition, the employee responsible will be liable for damages. Employees who receive such an email must notify their supervisor immediately.</TextPlainPart>
        <TextHtmlPart>&lt;P&gt;This message is only for the intended recipient(s). Employees are required to refrain from making defamatory statements and refrain from infringing or authorize any copyright infringement or any other legal right via email. Any communication that is contrary to company policy and outside the scope of the employment of the individual concerned. %ad_company% does not accept liability in respect to such communication. In addition, the employee responsible will be liable for damages. Employees who receive such an email must notify their supervisor immediately.&lt;/P&gt;</TextHtmlPart>
        <EmbeddedObjects />
        <Name>Sample legal disclaimer</Name>
        <DateModified>2007-03-01T11:45:33.86111-05:00</DateModified>
        <TemplatePosition>Bottom</TemplatePosition>
      </Template>
      <Template>
        <Id>670fdc40-17b1-409f-b8b1-3f3a25142dfe</Id>
        <TextPlainPart>
&lt;!br!&gt;No employee is authorized to conclude any binding agreement on behalf of %ad_company% with another party via email without written confirmation by their manager.</TextPlainPart>
        <TextHtmlPart>&lt;P&gt;No employee is authorized to conclude any binding agreement on behalf of %ad_company% with another party via email without written confirmation by their manager.&lt;/P&gt;</TextHtmlPart>
        <EmbeddedObjects />
        <Name>Sample not binding disclaimer</Name>
        <DateModified>2007-03-01T11:45:55.924316-05:00</DateModified>
        <TemplatePosition>Bottom</TemplatePosition>
      </Template>
      <Template>
        <Id>2e10f7ab-38d5-44d0-83d3-349eca88aae0</Id>
        <TextPlainPart>
&lt;!br!&gt;This message contains confidential information and is intended only for the intended recipient(s). If you are not the named recipient you should not read, distribute or copy this e-mail. Please notify the sender immediately via e-mail if you have received this e-mail by mistake; then, delete this e-mail from your system.</TextPlainPart>
        <TextHtmlPart>&lt;P&gt;This message contains confidential information and is intended only for the intended recipient(s). If you are not the named recipient you should not read, distribute or copy this e-mail. Please notify the sender immediately via e-mail if you have received this e-mail by mistake; then, delete this e-mail from your system.&lt;/P&gt;</TextHtmlPart>
        <EmbeddedObjects />
        <Name>Sample confidential disclaimer</Name>
        <DateModified>2007-03-01T11:44:16.608638-05:00</DateModified>
        <TemplatePosition>Bottom</TemplatePosition>
      </Template>
      <Template>
        <Id>11d41510-0cc7-438b-8f6c-3978616e83b5</Id>
        <TextPlainPart>
&lt;!br!&gt;This email contains tax advice. Please note that additional tax issues may exist that could affect the tax treatment of the tax shelter addressed in the advice. The advice does not consider or reach a conclusion with respect to those additional issues. Further, the advice was not written and cannot be used by the recipient for the purpose of avoiding penalties under code section 6662(d) with respect to those issues outside the scope of the advice.</TextPlainPart>
        <TextHtmlPart>&lt;P&gt;This email contains tax advice. Please note that additional tax issues may exist that could affect the tax treatment of the tax shelter addressed in the advice. The advice does not consider or reach a conclusion with respect to those additional issues. Further, the advice was not written and cannot be used by the recipient for the purpose of avoiding penalties under code section 6662(d) with respect to those issues outside the scope of the advice.&lt;/P&gt;</TextHtmlPart>
        <EmbeddedObjects />
        <Name>Sample tax opinion disclaimer</Name>
        <DateModified>2007-03-01T11:46:19.550072-05:00</DateModified>
        <TemplatePosition>Bottom</TemplatePosition>
      </Template>
      <Template>
        <Id>fb86234c-987f-43d2-b9d7-b0d4ac138473</Id>
        <TextPlainPart>
&lt;!br!&gt;This email and any attached files are confidential and intended solely for the intended recipient(s). If you are not the named recipient you should not read, distribute, copy or alter this email. Any views or opinions expressed in this email are those of the author and do not represent those of the %ad_company% company. Warning: Although precautions have been taken to make sure no viruses are present in this email, the company cannot accept responsibility for any loss or damage that arise from the use of this email or attachments.</TextPlainPart>
        <TextHtmlPart>&lt;P&gt;This email and any attached files are confidential and intended solely for the intended recipient(s). If you are not the named recipient you should not read, distribute, copy or alter this email. Any views or opinions expressed in this email are those of the author and do not represent those of the %ad_company% company. Warning: Although precautions have been taken to make sure no viruses are present in this email, the company cannot accept responsibility for any loss or damage that arise from the use of this email or attachments.&lt;/P&gt;</TextHtmlPart>
        <EmbeddedObjects />
        <Name>Sample general disclaimer</Name>
        <DateModified>2007-03-01T11:45:21.548216-05:00</DateModified>
        <TemplatePosition>Bottom</TemplatePosition>
      </Template>
    </ArrayOfTemplate>
  </xmlSerializerSection>
</DisclaimersTemplates>