﻿<?xml version="1.0" encoding="utf-8"?>
<DisclaimersPluginSettings>
  <xmlSerializerSection type="Ninja.Plugins.Disclaimers.DisclaimersPluginSettings, Ninja.Plugins.Disclaimers, Version=1.0.0.0, Culture=neutral, PublicKeyToken=d08e33a54c94db4e">
    <DisclaimersPluginSettings xmlns:xsi="http://www.w3.org/2001/XMLSchema-instance" xmlns:xsd="http://www.w3.org/2001/XMLSchema">
      <ADVariables>
        <anyType xsi:type="ADVariable">
          <Name>streetAddress</Name>
          <Description>Street</Description>
        </anyType>
        <anyType xsi:type="ADVariable">
          <Name>postOfficeBox</Name>
          <Description>P.O. Box</Description>
        </anyType>
        <anyType xsi:type="ADVariable">
          <Name>l</Name>
          <Description>City</Description>
        </anyType>
        <anyType xsi:type="ADVariable">
          <Name>st</Name>
          <Description>State/province</Description>
        </anyType>
        <anyType xsi:type="ADVariable">
          <Name>postalCode</Name>
          <Description>Zip/Postal Code</Description>
        </anyType>
        <anyType xsi:type="ADVariable">
          <Name>co</Name>
          <Description>Country/region</Description>
        </anyType>
        <anyType xsi:type="ADVariable">
          <Name>givenName</Name>
          <Description>First name</Description>
        </anyType>
        <anyType xsi:type="ADVariable">
          <Name>initials</Name>
          <Description>Initials</Description>
        </anyType>
        <anyType xsi:type="ADVariable">
          <Name>sn</Name>
          <Description>Last Name</Description>
        </anyType>
        <anyType xsi:type="ADVariable">
          <Name>displayName</Name>
          <Description>Display Name</Description>
        </anyType>
        <anyType xsi:type="ADVariable">
          <Name>description</Name>
          <Description>Description</Description>
        </anyType>
        <anyType xsi:type="ADVariable">
          <Name>physicalDeliveryOfficeName</Name>
          <Description>Office</Description>
        </anyType>
        <anyType xsi:type="ADVariable">
          <Name>telephoneNumber</Name>
          <Description>Telephone number</Description>
        </anyType>
        <anyType xsi:type="ADVariable">
          <Name>mail</Name>
          <Description>E-mail</Description>
        </anyType>
        <anyType xsi:type="ADVariable">
          <Name>wWWHomePage</Name>
          <Description>Web page</Description>
        </anyType>
        <anyType xsi:type="ADVariable">
          <Name>title</Name>
          <Description>Title</Description>
        </anyType>
        <anyType xsi:type="ADVariable">
          <Name>department</Name>
          <Description>Department</Description>
        </anyType>
        <anyType xsi:type="ADVariable">
          <Name>company</Name>
          <Description>Company</Description>
        </anyType>
        <anyType xsi:type="ADVariable">
          <Name>homePhone</Name>
          <Description>Home</Description>
        </anyType>
        <anyType xsi:type="ADVariable">
          <Name>pager</Name>
          <Description>Pager</Description>
        </anyType>
        <anyType xsi:type="ADVariable">
          <Name>mobile</Name>
          <Description>Mobile</Description>
        </anyType>
        <anyType xsi:type="ADVariable">
          <Name>facsimileTelephoneNumber</Name>
          <Description>Fax</Description>
        </anyType>
        <anyType xsi:type="ADVariable">
          <Name>ipPhone</Name>
          <Description>IP Phone</Description>
        </anyType>
        <anyType xsi:type="ADVariable">
          <Name>info</Name>
          <Description>Notes</Description>
        </anyType>
      </ADVariables>
      <GlobalSettings>
        <EnableDisclaimers>true</EnableDisclaimers>
        <BlockDuplicates>true</BlockDuplicates>
        <Template>fb86234c-987f-43d2-b9d7-b0d4ac138473</Template>
        <TokensEnabled>false</TokensEnabled>
        <TokenFoundAction>DoNotDisclaim</TokenFoundAction>
        <Token>{GlobalToken}</Token>
        <RemoveTokenFound>true</RemoveTokenFound>
      </GlobalSettings>
      <Policies>
        <Policy xsi:type="DisclaimersPolicy">
          <ID>4</ID>
          <Name>Default Disclaimers Policy</Name>
          <Enabled>false</Enabled>
          <IsDefault>true</IsDefault>
          <BlockDuplicates>true</BlockDuplicates>
          <ProcessingOrder>PolicyOnly</ProcessingOrder>
          <Template>fb86234c-987f-43d2-b9d7-b0d4ac138473</Template>
          <TokensEnabled>false</TokensEnabled>
          <TokenFoundAction>DoNotDisclaim</TokenFoundAction>
          <Token>{PolicyToken}</Token>
          <RemoveTokenFound>true</RemoveTokenFound>
        </Policy>
      </Policies>
    </DisclaimersPluginSettings>
  </xmlSerializerSection>
</DisclaimersPluginSettings>