<?xml version="1.0" encoding="utf-8"?>
<DisclaimersPolicyDefaultValues>
  <xmlSerializerSection type="Ninja.Plugins.Disclaimers.DisclaimersPolicy, Ninja.Plugins.Disclaimers, Version=1.0.0.0, Culture=neutral, PublicKeyToken=d08e33a54c94db4e">
    <DisclaimersPolicy xmlns:xsd="http://www.w3.org/2001/XMLSchema" xmlns:xsi="http://www.w3.org/2001/XMLSchema-instance">
      <ID>0</ID>
      <Name>Policy</Name>
      <Enabled>false</Enabled>
      <IsDefault>false</IsDefault>
      <BlockDuplicates>true</BlockDuplicates>
      <ProcessingOrder>PolicyOnly</ProcessingOrder>
      <Template>00000000-0000-0000-0000-000000000000</Template>
      <TokensEnabled>false</TokensEnabled>
      <TokenFoundAction>DoNotDisclaim</TokenFoundAction>
      <Token>{PolicyToken}</Token>
      <RemoveTokenFound>true</RemoveTokenFound>
    </DisclaimersPolicy>
  </xmlSerializerSection>
</DisclaimersPolicyDefaultValues>