﻿<?xml version="1.0" encoding="utf-8"?>
<DomainsManagerSettings>
  <xmlSerializerSection type="System.Collections.ArrayList, mscorlib, Version=2.0.0.0, Culture=neutral, PublicKeyToken=b77a5c561934e089">
    <ArrayOfAnyType xmlns:xsi="http://www.w3.org/2001/XMLSchema-instance" xmlns:xsd="http://www.w3.org/2001/XMLSchema">
      <anyType xsi:type="Domain">
        <IsAlias>false</IsAlias>
        <IsValid>true</IsValid>
        <Enabled>true</Enabled>
        <Name>marquette.local</Name>
      </anyType>
    </ArrayOfAnyType>
  </xmlSerializerSection>
</DomainsManagerSettings>