﻿<?xml version="1.0" encoding="utf-8"?>
<FriendlyIpHosts>
  <xmlSerializerSection type="Ninja.Core.FriendlyIpHosts.FriendlyIpHostsSettings, Ninja.Core, Version=1.0.0.0, Culture=neutral, PublicKeyToken=f8d89661fc40a3a3">
    <FriendlyIpHostsSettings xmlns:xsi="http://www.w3.org/2001/XMLSchema-instance" xmlns:xsd="http://www.w3.org/2001/XMLSchema">
      <IpWhiteListEnabled>true</IpWhiteListEnabled>
      <TrustAuthenticatedConnections>true</TrustAuthenticatedConnections>
      <IpRanges>
        <IpRange>
          <StartIp>127.0.0.1</StartIp>
          <EndIp>0.0.0.0</EndIp>
          <Type>Single</Type>
        </IpRange>
        <IpRange>
          <StartIp>10.0.0.0</StartIp>
          <EndIp>255.255.255.0</EndIp>
          <Type>Subnet</Type>
        </IpRange>
        <IpRange>
          <StartIp>10.31.5.0</StartIp>
          <EndIp>255.255.255.0</EndIp>
          <Type>Subnet</Type>
        </IpRange>
      </IpRanges>
    </FriendlyIpHostsSettings>
  </xmlSerializerSection>
</FriendlyIpHosts>