﻿<?xml version="1.0" encoding="utf-8"?>
<Gaia>
  <xmlSerializerSection type="Ninja.Plugins.AntiSpam.Gaia.Wrapper.SerializableStringCollection, Ninja.Plugins.AntiSpam.Gaia.Wrapper, Version=1.0.0.0, Culture=neutral, PublicKeyToken=39885b566db2b4c7">
    <dictionary>
      <item>
        <key>
          <string>phoebeScore</string>
        </key>
        <value>
          <string>1000</string>
        </value>
      </item>
      <item>
        <key>
          <string>phoebeCopyImageSpamFilesEnabled</string>
        </key>
        <value>
          <string>false</string>
        </value>
      </item>
    </dictionary>
  </xmlSerializerSection>
</Gaia>