<?xml version="1.0" encoding="utf-8"?>
<GlobalSettings>
  <xmlSerializerSection type="Ninja.Core.GlobalSettings.GlobalSettings, Ninja.Core, Version=1.0.0.0, Culture=neutral, PublicKeyToken=f8d89661fc40a3a3">
    <GlobalSettings xmlns:xsd="http://www.w3.org/2001/XMLSchema" xmlns:xsi="http://www.w3.org/2001/XMLSchema-instance">
      <AddXHeader>true</AddXHeader>
      <ScanDigitallySignedMessages>false</ScanDigitallySignedMessages>
    </GlobalSettings>
  </xmlSerializerSection>
</GlobalSettings>