﻿<?xml version="1.0" encoding="utf-8"?>
<GreyListingSettings>
  <xmlSerializerSection type="Ninja.Core.ConnectionFiltering.GreyListingSettings, Ninja.Core, Version=1.0.0.0, Culture=neutral, PublicKeyToken=f8d89661fc40a3a3">
    <GreyListingSettings xmlns:xsi="http://www.w3.org/2001/XMLSchema-instance" xmlns:xsd="http://www.w3.org/2001/XMLSchema">
      <GreyListingCachePersistantsInterval>300000</GreyListingCachePersistantsInterval>
      <GreyListingEnabled>false</GreyListingEnabled>
      <WhiteListThresholdCount>4</WhiteListThresholdCount>
      <ReplyInterval>5</ReplyInterval>
      <WhiteListItemDecayInterval>4</WhiteListItemDecayInterval>
      <GreyListItemDecayInterval>1440</GreyListItemDecayInterval>
      <LastTimeCacheSerialized>2006-09-13T19:56:05.6401865Z</LastTimeCacheSerialized>
      <SMTPErrorCode>451</SMTPErrorCode>
      <SMTPResponseText>451 Please try again later, message was rejected due to greylisting policy.</SMTPResponseText>
    </GreyListingSettings>
  </xmlSerializerSection>
</GreyListingSettings>