﻿<?xml version="1.0" encoding="utf-8"?>
<LoggerSettings>
  <xmlSerializerSection type="Ninja.Diagnostics.LoggerSettings, Ninja.Core, Version=1.0.0.0, Culture=neutral, PublicKeyToken=f8d89661fc40a3a3">
    <LoggerSettings xmlns:xsi="http://www.w3.org/2001/XMLSchema-instance" xmlns:xsd="http://www.w3.org/2001/XMLSchema">
      <Level>Low</Level>
      <Directory>C:\Program Files (x86)\Sunbelt Software\VIPRE Email Security\Logs\</Directory>
      <NumberFilesToKeep>20</NumberFilesToKeep>
      <RollingSize>5</RollingSize>
    </LoggerSettings>
  </xmlSerializerSection>
</LoggerSettings>