﻿<?xml version="1.0" encoding="utf-8"?>
<loggingDistributorConfiguration>
  <xmlSerializerSection type="Microsoft.Practices.EnterpriseLibrary.Logging.Distributor.Configuration.DistributorSettings, Microsoft.Practices.EnterpriseLibrary.Logging, Version=1.1.0.0, Culture=neutral, PublicKeyToken=425fa1c8f6409d44">
    <enterpriseLibrary.loggingDistributorSettings xmlns:xsd="http://www.w3.org/2001/XMLSchema" xmlns:xsi="http://www.w3.org/2001/XMLSchema-instance" defaultCategory="Notifications Email" defaultFormatter="Email Notification Formatter" xmlns="http://www.microsoft.com/practices/enterpriselibrary/08-31-2004/loggingdistributor">
      <sinks>
        <sink xsi:type="EmailSinkData" name="Email Sink" toAddress="a" fromAddress="a" subjectLineStarter="" subjectLineEnder="" smtpServer="a" />
        <sink xsi:type="EventLogSinkData" name="Event Log Sink" eventLogName="Application" eventSourceName="Enterprise Library Logging" />
        <sink xsi:type="FlatFileSinkData" name="Flat File Sink" fileName="trace.log" header="" footer="" />
        <sink xsi:type="NetSendSinkData" name="Net Send Sink" header="" footer="" />
        <sink xsi:type="PickupFolderEmailSinkData" name="Pickup Folder Email Sink" />
      </sinks>
      <categories>
        <category name="Notifications Email">
          <destinations>
            <destination name="Pickup Folder Email Destination" sink="Pickup Folder Email Sink" format="Email Notification Formatter" />
          </destinations>
        </category>
        <category name="Notifications NetSend">
          <destinations>
            <destination name="Net Send Destination" sink="Net Send Sink" format="Net Send Notification Formatter" />
          </destinations>
        </category>
      </categories>
      <formatters>
        <formatter xsi:type="TextFormatterData" name="Email Notification Formatter">
          <template><![CDATA[{timestamp}

{message}]]></template>
        </formatter>
        <formatter xsi:type="TextFormatterData" name="EventLogFormatter">
          <template><![CDATA[Timestamp: {timestamp}
TickCount: {tickCount}
Message: {message}
Category: {category}
Priority: {priority}
EventId: {eventid}
Severity: {severity}
Title:{title}
Machine: {machine}
Application Domain: {appDomain}
Process Id: {processId}
Process Name: {processName}
Win32 Thread Id: {win32ThreadId}
Thread Name: {threadName}
Extended Properties: {dictionary({key} - {value}
)}]]></template>
        </formatter>
        <formatter xsi:type="TextFormatterData" name="Net Send Notification Formatter">
          <template><![CDATA[
{message}]]></template>
        </formatter>
        <formatter xsi:type="TextFormatterData" name="Text Formatter">
          <template><![CDATA[{category}{tab}{processId}{tab}{win32ThreadId}{tab}{timestamp}{tab}{tickCount}{tab}{message}{tab}[{processName}]]]></template>
        </formatter>
      </formatters>
    </enterpriseLibrary.loggingDistributorSettings>
  </xmlSerializerSection>
</loggingDistributorConfiguration>