<?xml version="1.0" encoding="utf-8" ?>
<MMCSettings>
	<xmlSerializerSection type="Ninja.Management.Console.Snapin.Settings.MMCSettings, Ninja.Management.Console.Snapin, Version=1.0.0.0, Culture=neutral, PublicKeyToken=74bc4c5ab349ecf0">
		<MMCSettings xmlns:xsd="http://www.w3.org/2001/XMLSchema" xmlns:xsi="http://www.w3.org/2001/XMLSchema-instance">
			<Nodes>
				<Node nodeId="0" Text="Settings" ActiveIcon="14" InActiveIcon="">
					<Tabs>
						<Tab tabId="0" Text="About" ControlType="Ninja.UI.AboutSettings, Ninja.UI, Version=1.0.0.0, Culture=neutral, PublicKeyToken=ddd146765b8a0d3c"
							ConstructorArguments="false" />
					</Tabs>
					<Links>
						<Link linkId="0" Text="Domains" Icon="4" ControlType="">
							<Tabs>
								<Tab tabId="0" Text="Domains" ControlType="Ninja.UI.Domains.DomainsHostControl, Ninja.UI, Version=1.0.0.0, Culture=neutral, PublicKeyToken=ddd146765b8a0d3c"
									ConstructorArguments="false" />
								<Tab tabId="0" Text="Antispoofing" ControlType="Ninja.UI.Domains.CategorizerIPs, Ninja.UI, Version=1.0.0.0, Culture=neutral, PublicKeyToken=ddd146765b8a0d3c"
									ConstructorArguments="false" />
							</Tabs>
						</Link>
						<Link linkId="1" Text="Replication" Icon="12" ControlType="">
							<Tabs>
								<Tab tabId="0" Text="Replication" ControlType="Ninja.UI.Replication.ReplicationSettings, Ninja.UI, Version=1.0.0.0, Culture=neutral, PublicKeyToken=ddd146765b8a0d3c"
									ConstructorArguments="false" />
							</Tabs>
						</Link>
						<Link linkId="2" Text="Databases" Icon="16" ControlType="">
							<Tabs>
								<Tab tabId="0" Text="Databases" ControlType="Ninja.UI.Databases.DatabaseSettings, Ninja.UI, Version=1.0.0.0, Culture=neutral, PublicKeyToken=ddd146765b8a0d3c"
									ConstructorArguments="false" />
							</Tabs>
						</Link>
						<Link linkId="3" Text="Agents" Icon="15" ControlType="">
							<Tabs>
								<Tab tabId="0" Text="Agent Registration" ControlType="Ninja.UI.Agents.AgentRegistrationHostControl, Ninja.UI, Version=1.0.0.0, Culture=neutral, PublicKeyToken=ddd146765b8a0d3c"
									ConstructorArguments="false" />
								<Tab tabId="1" Text="Antivirus Registration" ControlType="Ninja.Plugins.AntiVirus.UI.VSAPIInstallerHost, Ninja.Plugins.AntiVirus.UI, Version=1.0.0.0, Culture=neutral, PublicKeyToken=ddd146765b8a0d3c"
									ConstructorArguments="false" />
								<Tab tabId="2" Text="Unprocessed Email Settings" ControlType="Ninja.UI.UnProcessedEmail.Settings, Ninja.UI, Version=1.0.0.0, Culture=neutral, PublicKeyToken=ddd146765b8a0d3c"
									ConstructorArguments="false" />
							</Tabs>
						</Link>
						<Link linkId="4" Text="Notifications &amp; Logging" Icon="5" ControlType="">
							<Tabs>
								<Tab tabId="0" Text="Monitoring and Notifications" ControlType="Ninja.UI.Notifications.Settings, Ninja.UI, Version=1.0.0.0, Culture=neutral, PublicKeyToken=ddd146765b8a0d3c"
									ConstructorArguments="false" />
								<Tab tabId="1" Text="Logging" ControlType="Ninja.UI.Logging, Ninja.UI, Version=1.0.0.0, Culture=neutral, PublicKeyToken=ddd146765b8a0d3c"
									ConstructorArguments="false" />
							</Tabs>
						</Link>
						<Link linkId="5" Text="Updates &amp; Licensing" Icon="17" ControlType="">
							<Tabs>
								<Tab tabId="0" Text="Licensing" ControlType="Ninja.UI.Licensing.Licensing, Ninja.UI, Version=1.0.0.0, Culture=neutral, PublicKeyToken=ddd146765b8a0d3c"
									ConstructorArguments="false" />
								<Tab tabId="1" Text="Updates" ControlType="Ninja.UI.Updates.Updates, Ninja.UI, Version=1.0.0.0, Culture=neutral, PublicKeyToken=ddd146765b8a0d3c"
									ConstructorArguments="false" />
								<Tab tabId="2" Text="Proxy" ControlType="Ninja.UI.Proxy.Settings, Ninja.UI, Version=1.0.0.0, Culture=neutral, PublicKeyToken=ddd146765b8a0d3c"
									ConstructorArguments="false" />
							</Tabs>
						</Link>
						<Link linkId="6" Text="Security" Icon="23" ControlType="">
							<Tabs>
								<Tab tabId="0" Text="Quarantine and Reporting" ControlType="Ninja.UI.Remoting.RemotingSecurityHost, Ninja.UI, Version=1.0.0.0, Culture=neutral, PublicKeyToken=ddd146765b8a0d3c"
									ConstructorArguments="false" />
							</Tabs>
						</Link>
					</Links>
				</Node>
				<Node nodeId="1" Text="Policies &amp; Recipients" ActiveIcon="19" InActiveIcon="">
					<Tabs>
						<Tab tabId="0" Text="About" ControlType="Ninja.UI.AboutPolicies, Ninja.UI, Version=1.0.0.0, Culture=neutral, PublicKeyToken=ddd146765b8a0d3c"
							ConstructorArguments="false" />
					</Tabs>
					<Links>
						<Link linkId="0" Text="Recipients" Icon="11" ControlType="">
							<Tabs>
								<Tab tabId="0" Text="Recipients" ControlType="Ninja.UI.Recipients, Ninja.UI, Version=1.0.0.0, Culture=neutral, PublicKeyToken=ddd146765b8a0d3c"
									ConstructorArguments="false" />
							</Tabs>
						</Link>
						<Link linkId="1" Text="Antispam" ControlType="Ninja.Plugins.AntiSpamPlugin.AntiSpamPlugin, Ninja.Plugins.Antispam" IsPlugin="true" PluginUiAssembly="Ninja.Plugins.Antispam.UI">
							<Tabs>
								<Tab tabId="0" Text="Summary" ControlType="Ninja.Plugins.AntiSpam.UI.Global.Summary, Ninja.Plugins.AntiSpam.UI, Version=1.0.0.0, Culture=neutral, PublicKeyToken=ca08ef4278b026a7"
									ConstructorArguments="false" />
								<Tab tabId="1" Text="Global Settings" ControlType="Ninja.Plugins.AntiSpam.UI.Global.GlobalSettings, Ninja.Plugins.AntiSpam.UI, Version=1.0.0.0, Culture=neutral, PublicKeyToken=ca08ef4278b026a7"
									ConstructorArguments="false" />
								<Tab tabId="2" Text="Global Rules" ControlType="Ninja.Plugins.AntiSpam.UI.Global.Rules, Ninja.Plugins.AntiSpam.UI, Version=1.0.0.0, Culture=neutral, PublicKeyToken=ca08ef4278b026a7"
									ConstructorArguments="false" />
								<Tab tabId="3" Text="Connection Filtering Settings" ControlType="Ninja.Plugins.AntiSpam.UI.Global.ConnectionFilteringSettingsControl, Ninja.Plugins.AntiSpam.UI, Version=1.0.0.0, Culture=neutral, PublicKeyToken=ca08ef4278b026a7"
									ConstructorArguments="false" />
								<Tab tabId="4" Text="Members" ControlType="Ninja.UI.Recipients, Ninja.UI, Version=1.0.0.0, Culture=neutral, PublicKeyToken=ddd146765b8a0d3c"
									ConstructorArguments="true" />
							</Tabs>
							<Links>
								<Link linkId="0" Text="Antispam Policies" Icon="8" ControlType="Ninja.Plugins.AntiSpamPlugin.AntiSpamPlugin, Ninja.Plugins.Antispam" IsPlugin="true">
									<Tabs>
										<Tab tabId="0" Text="Summary" ControlType="Ninja.Plugins.AntiSpam.UI.Policy.Summary, Ninja.Plugins.AntiSpam.UI, Version=1.0.0.0, Culture=neutral, PublicKeyToken=ca08ef4278b026a7"
											ConstructorArguments="true" />
										<Tab tabId="1" Text="Policy Settings" ControlType="Ninja.Plugins.AntiSpam.UI.Policy.Settings, Ninja.Plugins.AntiSpam.UI, Version=1.0.0.0, Culture=neutral, PublicKeyToken=ca08ef4278b026a7"
											ConstructorArguments="true" />
										<Tab tabId="2" Text="Rules" ControlType="Ninja.Plugins.AntiSpam.UI.Policy.Rules, Ninja.Plugins.AntiSpam.UI, Version=1.0.0.0, Culture=neutral, PublicKeyToken=ca08ef4278b026a7"
											ConstructorArguments="true" />
										<Tab tabId="3" Text="Members" ControlType="Ninja.UI.Recipients, Ninja.UI, Version=1.0.0.0, Culture=neutral, PublicKeyToken=ddd146765b8a0d3c"
											ConstructorArguments="true" />
									</Tabs>
								</Link>
							</Links>
						</Link>
						<Link linkId="2" Text="Antivirus" ControlType="Ninja.Plugins.AVPlugin.AVPlugin, Ninja.Plugins.Antivirus" IsPlugin="true" PluginUiAssembly="Ninja.Plugins.Antivirus.UI">
							<Tabs>
								<Tab tabId="0" Text="Summary" ControlType="Ninja.Plugins.AntiVirus.UI.Global.Summary, Ninja.Plugins.AntiVirus.UI, Version=1.0.0.0, Culture=neutral, PublicKeyToken=57b327f4fd668e77"
									ConstructorArguments="false" />
								<Tab tabId="1" Text="Global Settings" ControlType="Ninja.Plugins.AntiVirus.UI.Global.Settings, Ninja.Plugins.AntiVirus.UI, Version=1.0.0.0, Culture=neutral, PublicKeyToken=57b327f4fd668e77"
									ConstructorArguments="false" />
								<Tab tabId="2" Text="Notifications" ControlType="Ninja.Plugins.AntiVirus.UI.Global.Notifications, Ninja.Plugins.AntiVirus.UI, Version=1.0.0.0, Culture=neutral, PublicKeyToken=57b327f4fd668e77"
									ConstructorArguments="false" />
							</Tabs>
							<!-- <Links>
								<Link linkId="0" Text="Antivirus Policies" ControlType="Ninja.Plugins.AVPlugin.AVPlugin, Ninja.Plugins.Antivirus" IsPlugin="true">
									<Tabs>
										<Tab tabId="0" Text="Summary" ControlType="Ninja.Plugins.AntiVirus.UI.Policy.Summary, Ninja.Plugins.AntiVirus.UI, Version=1.0.0.0, Culture=neutral, PublicKeyToken=57b327f4fd668e77"
											ConstructorArguments="true" />
										<Tab tabId="1" Text="Policy Settings" ControlType="Ninja.Plugins.AntiVirus.UI.Policy.Settings, Ninja.Plugins.AntiVirus.UI, Version=1.0.0.0, Culture=neutral, PublicKeyToken=57b327f4fd668e77"
											ConstructorArguments="true" />
										<Tab tabId="2" Text="Notifications" ControlType="Ninja.UI.CommonControls.PolicyNotificationsControl, Ninja.UI, Version=1.0.0.0, Culture=neutral, PublicKeyToken=ddd146765b8a0d3c"
											ConstructorArguments="true" />
										<Tab tabId="3" Text="Members" ControlType="Ninja.UI.Recipients, Ninja.UI, Version=1.0.0.0, Culture=neutral, PublicKeyToken=ddd146765b8a0d3c"
											ConstructorArguments="true" />
									</Tabs>
								</Link>
							</Links> -->
						</Link>
						<Link linkId="3" Text="Attachment Filter" ControlType="Ninja.Plugins.AttachmentFilteringPlugin.AttachmentFilteringPlugin, Ninja.Plugins.AttachmentFilter" IsPlugin="true" PluginUiAssembly="Ninja.Plugins.AttachmentFilter.UI">
							<Tabs>
								<Tab tabId="0" Text="Summary" ControlType="Ninja.Plugins.AttachmentFilter.UI.Global.Summary, Ninja.Plugins.AttachmentFilter.UI, Version=1.0.0.0, Culture=neutral, PublicKeyToken=64b6ba1cd8735617"
									ConstructorArguments="false" />
								<Tab tabId="1" Text="Global Settings" ControlType="Ninja.Plugins.AttachmentFilter.UI.Global.Settings, Ninja.Plugins.AttachmentFilter.UI, Version=1.0.0.0, Culture=neutral, PublicKeyToken=64b6ba1cd8735617"
									ConstructorArguments="false" />
								<Tab tabId="2" Text="Rules" ControlType="Ninja.Plugins.AttachmentFilter.UI.Global.Rules, Ninja.Plugins.AttachmentFilter.UI, Version=1.0.0.0, Culture=neutral, PublicKeyToken=64b6ba1cd8735617"
									ConstructorArguments="false" />
								<Tab tabId="3" Text="Members" ControlType="Ninja.UI.Recipients, Ninja.UI, Version=1.0.0.0, Culture=neutral, PublicKeyToken=ddd146765b8a0d3c"
									ConstructorArguments="true" />
							</Tabs>
							<Links>
								<Link linkId="0" Text="Attachment Filter Policies" Icon="8" ControlType="Ninja.Plugins.AttachmentFilteringPlugin.AttachmentFilteringPlugin, Ninja.Plugins.AttachmentFilter" IsPlugin="true">
									<Tabs>
										<Tab tabId="0" Text="Summary" ControlType="Ninja.Plugins.AttachmentFilter.UI.Policy.Summary, Ninja.Plugins.AttachmentFilter.UI, Version=1.0.0.0, Culture=neutral, PublicKeyToken=64b6ba1cd8735617"
											ConstructorArguments="true" />
										<Tab tabId="1" Text="Policy Settings" ControlType="Ninja.Plugins.AttachmentFilter.UI.Policy.Settings, Ninja.Plugins.AttachmentFilter.UI, Version=1.0.0.0, Culture=neutral, PublicKeyToken=64b6ba1cd8735617"
											ConstructorArguments="true" />
										<Tab tabId="2" Text="Rules" ControlType="Ninja.Plugins.AttachmentFilter.UI.Policy.Rules, Ninja.Plugins.AttachmentFilter.UI, Version=1.0.0.0, Culture=neutral, PublicKeyToken=64b6ba1cd8735617"
											ConstructorArguments="true" />
										<Tab tabId="3" Text="Notifications" ControlType="Ninja.Plugins.AttachmentFilter.UI.Policy.Notifications, Ninja.Plugins.AttachmentFilter.UI, Version=1.0.0.0, Culture=neutral, PublicKeyToken=64b6ba1cd8735617"
											ConstructorArguments="true" />
										<Tab tabId="4" Text="Members" ControlType="Ninja.UI.Recipients, Ninja.UI, Version=1.0.0.0, Culture=neutral, PublicKeyToken=ddd146765b8a0d3c"
											ConstructorArguments="true" />
									</Tabs>
								</Link>
							</Links>
						</Link>
						<Link linkId="4" Text="Disclaimers" ControlType="Ninja.Plugins.Disclaimers.DisclaimersPlugin, Ninja.Plugins.Disclaimers" IsPlugin="true" PluginUiAssembly="Ninja.Plugins.Disclaimers.UI" >
							<Tabs>
								<Tab tabId="0" Text="Summary" ControlType="Ninja.Plugins.Disclaimers.UI.Global.Summary, Ninja.Plugins.Disclaimers.UI, Version=1.0.0.0, Culture=neutral, PublicKeyToken=d08e33a54c94db4e"
									ConstructorArguments="false" />
								<Tab tabId="1" Text="Global Settings" ControlType="Ninja.Plugins.Disclaimers.UI.Global.Settings, Ninja.Plugins.Disclaimers.UI, Version=1.0.0.0, Culture=neutral, PublicKeyToken=d08e33a54c94db4e"
									ConstructorArguments="false" />
								<Tab tabId="2" Text="Templates" ControlType="Ninja.Plugins.Disclaimers.UI.Global.Templates, Ninja.Plugins.Disclaimers.UI, Version=1.0.0.0, Culture=neutral, PublicKeyToken=d08e33a54c94db4e"
									ConstructorArguments="false" />
								<Tab tabId="3" Text="Members" ControlType="Ninja.UI.Recipients, Ninja.UI, Version=1.0.0.0, Culture=neutral, PublicKeyToken=ddd146765b8a0d3c"
									ConstructorArguments="true" />
							</Tabs>
							<Links>
								<Link linkId="0" Text="Disclaimers Policies" Icon="8" ControlType="Ninja.Plugins.Disclaimers.DisclaimersPlugin, Ninja.Plugins.Disclaimers" IsPlugin="true">
									<Tabs>
										<Tab tabId="0" Text="Summary" ControlType="Ninja.Plugins.Disclaimers.UI.Policy.Summary, Ninja.Plugins.Disclaimers.UI, Version=1.0.0.0, Culture=neutral, PublicKeyToken=d08e33a54c94db4e"
											ConstructorArguments="true" />
										<Tab tabId="1" Text="Policy Settings" ControlType="Ninja.Plugins.Disclaimers.UI.Policy.Settings, Ninja.Plugins.Disclaimers.UI, Version=1.0.0.0, Culture=neutral, PublicKeyToken=d08e33a54c94db4e"
											ConstructorArguments="true" />
										<Tab tabId="2" Text="Members" ControlType="Ninja.UI.Recipients, Ninja.UI, Version=1.0.0.0, Culture=neutral, PublicKeyToken=ddd146765b8a0d3c"
											ConstructorArguments="true" />
									</Tabs>
								</Link>
							</Links>
						</Link>
						<Link linkId="4" Text="Quarantine" Icon="10" ControlType="Quarantine">
							<Tabs>
								<Tab tabId="0" Text="Quarantine" ControlType="Ninja.Quarantine.UI.Viewer, Ninja.Quarantine.UI, Version=1.0.0.0, Culture=neutral, PublicKeyToken=37a48e0a3f2dd122"
									ConstructorArguments="true" />
							</Tabs>
						</Link>
					</Links>
				</Node>
				<Node nodeId="2" Text="Reporting" ActiveIcon="13" InActiveIcon="">
					<Tabs>
						<Tab tabId="0" Text="About" ControlType="Ninja.UI.AboutReporting, Ninja.UI, Version=1.0.0.0, Culture=neutral, PublicKeyToken=ddd146765b8a0d3c"
							ConstructorArguments="false" />
					</Tabs>
					<Links>
						<Link linkId="0" Text="Report Selector" Icon="13" ControlType="Report Selector">
							<Tabs>
								<Tab tabId="0" Text="Report Selector" ControlType="Ninja.Reports.UI.ReportSelector, Ninja.Reports.UI, Version=1.0.0.0, Culture=neutral, PublicKeyToken=70ba2f954763c3db"
									ConstructorArguments="true" />
							</Tabs>
						</Link>
					</Links>
				</Node>
			</Nodes>
		</MMCSettings>
	</xmlSerializerSection>
</MMCSettings>