<Signature xmlns="http://www.w3.org/2000/09/xmldsig#"><SignedInfo><CanonicalizationMethod Algorithm="http://www.w3.org/TR/2001/REC-xml-c14n-20010315" /><SignatureMethod Algorithm="http://www.w3.org/2000/09/xmldsig#dsa-sha1" /><Reference URI="#LicenseInfo"><DigestMethod Algorithm="http://www.w3.org/2000/09/xmldsig#sha1" /><DigestValue>srPhnOyhaHnXwPbzxRg/heNj51Y=</DigestValue></Reference></SignedInfo><SignatureValue>G4WPu6fb3tX5pWbqozcODMO2ogmhED6CCsFKIexPQJ7exjifs3zKGA==</SignatureValue><KeyInfo><KeyValue><DSAKeyValue><P>xun/E2QpXn3SDaS2ovVD67uXtQRUqz9TW8PrLTmj7yw8gjkdf89oyX+iQnv8Y1dsOBQo4/emzJKUBi3shm63AhBI07im+9qef5Qcm9Hqul9NPO1Js6dwznZYoY4m6BhVJyi38nJQd633DaI/PZV1+34F38D4AZtfoDcDoAbS92s=</P><Q>q+T2muVUBLlf/AR9PolePAp/WAc=</Q><G>dOQBZaZmdb0/ghm0NkcSptuWI7ajIjgZtplWZnJFKmEUX3PscLKYZiVDp2R4pvkR29G+kZXa3TrZU9PiPMib2UKE2/wdFyeTm8XlNcNKrwWFIRw5+iYzNuU4exW6uqV1iMKa2uhPIIrE1zsFXfhEFrZKFHeq/QQJjMP1ewpyVHI=</G><Y>TGyyfO+7HAa+ZMvRqR5dSpKkxQckMVZNn1kf7cU26cePL1gsEEslFC1xeCvI6QHazuewH2kAy62Ez+hLcfshacUd9w10kdOFQHm0XI9Lp/fPLZjp/pCjmtcjxKLu1boIPYqAv1GOYgwCToWb1YNov3Z/G1cmcCyVt5wbuvzgWZI=</Y><J>AAAAASg9ccDPx7v7zgPo+EVv8RRDNQ7i60sHyjR3LWFYsIocJEAH1TGkHZVSSEfvCQFGVtumJTKg7VQEA+K0VT4rMTmLyusv0Qenoa8hNgaXabzc7k6J5Pf6Q3Z/zb2dLSv38xjlMY26NxmExDeOxg==</J><Seed>3sWdYiTyM99JjTNbK5SLocG4gCc=</Seed><PgenCounter>AV4=</PgenCounter></DSAKeyValue></KeyValue></KeyInfo><Object Id="LicenseInfo"><NinjaLicenseSettings xmlns:xsi="http://www.w3.org/2001/XMLSchema-instance" xmlns:xsd="http://www.w3.org/2001/XMLSchema" xmlns="">
  <Key>45M58-MD28E-KF5D4-3MDC4-F778E</Key>
  <KeyStatus>Valid</KeyStatus>
  <NinjaVersion>3.1.25862</NinjaVersion>
  <Plugins>
    <anyType xsi:type="PluginLicenseInfo" PluginType="Ninja.Plugins.AntiSpamPlugin.AntiSpamPlugin, Ninja.Plugins.AntiSpam, Version=1.0.0.0, Culture=neutral, PublicKeyToken=39885b566db2b4c7" Mode="Licensed" Expiration="2013-09-25" LocalMailboxesUsed="116" GlobalMailboxesUsed="117" GlobalMailboxesLicensed="120" PluginVersion="0" Engine1Version="0" Engine2Version="0" Engine3Version="0" Engine4Version="0" Engine1DefsVersion="0.0" Engine2DefsVersion="349.0" Engine3DefsVersion="0.0" Engine4DefsVersion="0.0" />
    <anyType xsi:type="PluginLicenseInfo" PluginType="Ninja.Plugins.AVPlugin.AVPlugin, Ninja.Plugins.AntiVirus, Version=1.0.0.0, Culture=neutral, PublicKeyToken=d55e396ab78e9461" Mode="Licensed" Expiration="2013-09-25" LocalMailboxesUsed="116" GlobalMailboxesUsed="116" GlobalMailboxesLicensed="120" PluginVersion="0" Engine1Version="0" Engine2Version="0" Engine3Version="0" Engine4Version="0" Engine1DefsVersion="0.0" Engine2DefsVersion="1000000.0" Engine3DefsVersion="0.0" Engine4DefsVersion="0.0" />
    <anyType xsi:type="PluginLicenseInfo" PluginType="Ninja.Plugins.AttachmentFilteringPlugin.AttachmentFilteringPlugin, Ninja.Plugins.AttachmentFilter, Version=1.0.0.0, Culture=neutral, PublicKeyToken=cc74109496d41398" Mode="Licensed" Expiration="2013-09-25" LocalMailboxesUsed="0" GlobalMailboxesUsed="0" GlobalMailboxesLicensed="120" PluginVersion="0" Engine1Version="0" Engine2Version="0" Engine3Version="0" Engine4Version="0" Engine1DefsVersion="503.0" Engine2DefsVersion="0.0" Engine3DefsVersion="0.0" Engine4DefsVersion="0.0" />
    <anyType xsi:type="PluginLicenseInfo" PluginType="Ninja.Plugins.Disclaimers.DisclaimersPlugin, Ninja.Plugins.Disclaimers, Version=1.0.0.0, Culture=neutral, PublicKeyToken=d08e33a54c94db4e" Mode="Licensed" Expiration="2013-09-25" LocalMailboxesUsed="0" GlobalMailboxesUsed="0" GlobalMailboxesLicensed="120" PluginVersion="0" Engine1Version="0" Engine2Version="0" Engine3Version="0" Engine4Version="0" Engine1DefsVersion="0.0" Engine2DefsVersion="0.0" Engine3DefsVersion="0.0" Engine4DefsVersion="0.0" />
  </Plugins>
  <ServerName>mail</ServerName>
  <ServerIPs>
    <string>10.0.0.8</string>
  </ServerIPs>
</NinjaLicenseSettings></Object></Signature>