﻿<?xml version="1.0" encoding="utf-8"?>
<NotificationSettings>
  <xmlSerializerSection type="Ninja.Core.Notifications.NotificationSettings, Ninja.Core, Version=1.0.0.0, Culture=neutral, PublicKeyToken=f8d89661fc40a3a3">
    <NotificationSettings xmlns:xsi="http://www.w3.org/2001/XMLSchema-instance" xmlns:xsd="http://www.w3.org/2001/XMLSchema">
      <NetSendNotificationEnabled>false</NetSendNotificationEnabled>
      <EmailNotificationEnabled>true</EmailNotificationEnabled>
      <NetSendNotificationRecipients />
      <EmailNotificationRecipients>ptorres@mqplp.com;petertorres@gmail.com</EmailNotificationRecipients>
    </NotificationSettings>
  </xmlSerializerSection>
</NotificationSettings>