﻿<?xml version="1.0" encoding="utf-8"?>
<QuarantineStoreSettings>
  <xmlSerializerSection type="Ninja.QuarantineStore.QuarantineStoreSettings, Ninja.QuarantineStore, Version=1.0.0.0, Culture=neutral, PublicKeyToken=65a5fabfa251878f">
    <QuarantineStoreSettings xmlns:xsi="http://www.w3.org/2001/XMLSchema-instance" xmlns:xsd="http://www.w3.org/2001/XMLSchema">
      <DeleteOldItemsEnabled>true</DeleteOldItemsEnabled>
      <DeleteItemsOlderThanDaysNum>30</DeleteItemsOlderThanDaysNum>
      <LimitQuarantineStoreSizeEnabled>true</LimitQuarantineStoreSizeEnabled>
      <LimitQuarantineStoreSizeMegabyteNum>500</LimitQuarantineStoreSizeMegabyteNum>
      <QuarantineStoreSizeExceededAction>DeleteOldestItems</QuarantineStoreSizeExceededAction>
      <NotifyQuarantineStoreSizePercentLimitExceededEnabled>true</NotifyQuarantineStoreSizePercentLimitExceededEnabled>
      <PercentQuarantineStoreSizeLimitExceededNotify>90</PercentQuarantineStoreSizeLimitExceededNotify>
      <QuarantineStoreLocation>C:\Program Files (x86)\Sunbelt Software\VIPRE Email Security\QuarantineStore\</QuarantineStoreLocation>
      <FileUnquarantinedMessageFrom>Quarantine-Admin</FileUnquarantinedMessageFrom>
      <MessageUnquarantinedMessageBody>You are receiving a file that was quarantined:

	From: %FROM%
	To: %TO%
	CC: %CC%
	Subject: %SUBJECT%
	Date: %DATE%</MessageUnquarantinedMessageBody>
      <NotificationInterval>60000</NotificationInterval>
    </QuarantineStoreSettings>
  </xmlSerializerSection>
</QuarantineStoreSettings>