﻿<?xml version="1.0" encoding="utf-8"?>
<RemotingServerSettings>
  <xmlSerializerSection type="Ninja.Remoting.RemotingServerSettings, Ninja.Core, Version=1.0.0.0, Culture=neutral, PublicKeyToken=f8d89661fc40a3a3">
    <RemotingServerSettings xmlns:xsd="http://www.w3.org/2001/XMLSchema" xmlns:xsi="http://www.w3.org/2001/XMLSchema-instance">
      <TcpRemotingChannelPort>8085</TcpRemotingChannelPort>
      <QuarantineStoreRemotingServerObjectUri>QuarantineStoreRemotable.rem</QuarantineStoreRemotingServerObjectUri>
      <ReportingRemotingServerObjectUri>ReportsRemotable.rem</ReportingRemotingServerObjectUri>
    </RemotingServerSettings>
  </xmlSerializerSection>
</RemotingServerSettings>