﻿<?xml version="1.0" encoding="utf-8"?>
<RemoteClientsPermissionsSettings>
  <xmlSerializerSection type="Ninja.Remoting.Security.RemoteClientsPermissionsSettings, Ninja.Core, Version=1.0.0.0, Culture=neutral, PublicKeyToken=f8d89661fc40a3a3">
    <RemoteClientsPermissionsSettings xmlns:xsd="http://www.w3.org/2001/XMLSchema" xmlns:xsi="http://www.w3.org/2001/XMLSchema-instance">
      <PermissionsList>
        <anyType xsi:type="RemoteClientsPermissions">
          <Name>Domain Admins</Name>
          <DisplayName>Domain Admins</DisplayName>
          <AuthorizationIdType>Group</AuthorizationIdType>
          <AllowQuarantineTool>true</AllowQuarantineTool>
          <AllowReportingTool>true</AllowReportingTool>
        </anyType>
      </PermissionsList>
    </RemoteClientsPermissionsSettings>
  </xmlSerializerSection>
</RemoteClientsPermissionsSettings>