<?xml version="1.0" encoding="utf-8"?>
<RemotingConnectionSettings>
  <xmlSerializerSection type="Ninja.Remoting.RemotingConnectionSettings, Ninja.Core, Version=1.0.0.0, Culture=neutral, PublicKeyToken=f8d89661fc40a3a3">
    <RemotingConnectionSettings xmlns:xsd="http://www.w3.org/2001/XMLSchema" xmlns:xsi="http://www.w3.org/2001/XMLSchema-instance">
      <ServerList>
        <anyType xsi:type="RemotingConnection">
          <ServerName>localhost</ServerName>
          <Port>8085</Port>
        </anyType>
      </ServerList>
    </RemotingConnectionSettings>
  </xmlSerializerSection>
</RemotingConnectionSettings>