<?xml version="1.0" encoding="utf-8"?>
<ReplicationSettings>
  <xmlSerializerSection type="Ninja.Core.Replication.ReplicationManagerSettings, Ninja.Core, Version=1.0.0.0, Culture=neutral, PublicKeyToken=f8d89661fc40a3a3">
    <ReplicationManagerSettings xmlns:xsd="http://www.w3.org/2001/XMLSchema" xmlns:xsi="http://www.w3.org/2001/XMLSchema-instance">
      <ServerList />
      <LocalFiles>
        <anyType xsi:type="ReplicationFile">
          <Name>antispampluginsettings.xml</Name>
          <LocalPath>Settings\</LocalPath>
        </anyType>
        <anyType xsi:type="ReplicationFile">
          <Name>antiviruspluginsettings.xml</Name>
          <LocalPath>Settings\</LocalPath>
        </anyType>
        <anyType xsi:type="ReplicationFile">
          <Name>antiviruspolicydefaultvalues.xml</Name>
          <LocalPath>Settings\</LocalPath>
        </anyType>
        <anyType xsi:type="ReplicationFile">
          <Name>attachmentfilteringpluginsettings.xml</Name>
          <LocalPath>Settings\</LocalPath>
        </anyType>
        <anyType xsi:type="ReplicationFile">
          <Name>cachingconfiguration.xml</Name>
          <LocalPath>Settings\</LocalPath>
        </anyType>
        <anyType xsi:type="ReplicationFile">
          <Name>charsetmanagersettings.xml</Name>
          <LocalPath>Settings\</LocalPath>
        </anyType>
        <anyType xsi:type="ReplicationFile">
          <Name>connectionfiltering.xml</Name>
          <LocalPath>Settings\</LocalPath>
        </anyType>
        <anyType xsi:type="ReplicationFile">
          <Name>databaseauthenticationsettings.xml</Name>
          <LocalPath>Settings\</LocalPath>
        </anyType>
        <anyType xsi:type="ReplicationFile">
          <Name>disclaimerspluginsettings.xml</Name>
          <LocalPath>Settings\</LocalPath>
        </anyType>
        <anyType xsi:type="ReplicationFile">
          <Name>disclaimerstemplates.xml</Name>
          <LocalPath>Settings\</LocalPath>
        </anyType>
        <anyType xsi:type="ReplicationFile">
          <Name>domainsmanagersettings.xml</Name>
          <LocalPath>Settings\</LocalPath>
        </anyType>
        <anyType xsi:type="ReplicationFile">
          <Name>loggersettings.xml</Name>
          <LocalPath>Settings\</LocalPath>
        </anyType>
        <anyType xsi:type="ReplicationFile">
          <Name>quarantinestoresettings.xml</Name>
          <LocalPath>Settings\</LocalPath>
        </anyType>
        <anyType xsi:type="ReplicationFile">
          <Name>policymanagersettings.xml</Name>
          <LocalPath>Settings\</LocalPath>
        </anyType>
        <anyType xsi:type="ReplicationFile">
          <Name>remoteclientspermissionssettings.xml</Name>
          <LocalPath>Settings\</LocalPath>
        </anyType>
        <anyType xsi:type="ReplicationFile">
          <Name>remotingserversettings.xml</Name>
          <LocalPath>Settings\</LocalPath>
        </anyType>	
        <anyType xsi:type="ReplicationFile">
          <Name>greylistingsettings.xml</Name>
          <LocalPath>Settings\</LocalPath>
        </anyType>
      </LocalFiles>
      <EnableReplication>false</EnableReplication>
    </ReplicationManagerSettings>
  </xmlSerializerSection>
</ReplicationSettings>