﻿<?xml version="1.0" encoding="utf-8"?>
<securityCryptographyConfiguration>
  <xmlSerializerSection type="Microsoft.Practices.EnterpriseLibrary.Security.Cryptography.Configuration.CryptographySettings, Microsoft.Practices.EnterpriseLibrary.Security.Cryptography, Version=1.1.0.0, Culture=neutral, PublicKeyToken=425fa1c8f6409d44">
    <enterpriseLibrary.securityCryptographySettings xmlns:xsd="http://www.w3.org/2001/XMLSchema" xmlns:xsi="http://www.w3.org/2001/XMLSchema-instance" xmlns="http://www.microsoft.com/practices/enterpriselibrary/08-31-2004/security/cryptography">
      <hashProviders>
        <hashProvider xsi:type="HashAlgorithmProviderData" name="SHA1" algorithmType="System.Security.Cryptography.SHA1Managed, mscorlib, Version=1.0.5000.0, Culture=neutral, PublicKeyToken=b77a5c561934e089" saltEnabled="false" />
      </hashProviders>
      <symmetricCryptoProviders>
        <symmetricCryptoProvider xsi:type="SymmetricAlgorithmProviderData" name="DESCryptoServiceProvider" algorithmType="System.Security.Cryptography.DESCryptoServiceProvider, mscorlib, Version=1.0.5000.0, Culture=neutral, PublicKeyToken=b77a5c561934e089" key="fZL0xIyAmn4=" />
      </symmetricCryptoProviders>
    </enterpriseLibrary.securityCryptographySettings>
  </xmlSerializerSection>
</securityCryptographyConfiguration>