<?xml version="1.0" encoding="utf-8"?>
<SmartFileDetector>
  <xmlSerializerSection type="System.Collections.ArrayList, mscorlib">
    <ArrayOfAnyType xmlns:xsd="http://www.w3.org/2001/XMLSchema" xmlns:xsi="http://www.w3.org/2001/XMLSchema-instance">
      <anyType xsi:type="FileHeader">
        <ID>24</ID>
        <Description>Bitmap Files (*.bmp)</Description>
        <PropertyBag>
          <PropertyBagItem>
            <Name>what</Name>
            <Value>BMP</Value>
          </PropertyBagItem>
        </PropertyBag>
        <DetectionHandler>Ninja.Plugins.AttachmentFilter.SMARTHandlers.BMPDetector,Ninja.Plugins.AttachmentFilter.SMARTHandlers</DetectionHandler>
      </anyType>
      <anyType xsi:type="FileHeader">
        <ID>8</ID>
        <Description>JPG File Interchange Format (*.jpg, *.jpeg)</Description>
        <PropertyBag>
          <PropertyBagItem>
            <Name>what</Name>
            <Value>JPG</Value>
          </PropertyBagItem>
        </PropertyBag>
        <DetectionHandler>Ninja.Plugins.AttachmentFilter.SMARTHandlers.JPGDetector,Ninja.Plugins.AttachmentFilter.SMARTHandlers</DetectionHandler>
      </anyType>
      <anyType xsi:type="FileHeader">
        <ID>11</ID>
        <Description>Graphic Interchange Format (*.gif)</Description>
        <PropertyBag>
          <PropertyBagItem>
            <Name>what</Name>
            <Value>GIF</Value>
          </PropertyBagItem>
        </PropertyBag>
        <DetectionHandler>Ninja.Plugins.AttachmentFilter.SMARTHandlers.GIFDetector,Ninja.Plugins.AttachmentFilter.SMARTHandlers</DetectionHandler>
      </anyType>
      <anyType xsi:type="FileHeader">
        <ID>4</ID>
        <Description>Portable Network Graphics (*.png)</Description>
        <PropertyBag>
          <PropertyBagItem>
            <Name>what</Name>
            <Value>PNG</Value>
          </PropertyBagItem>
        </PropertyBag>
        <DetectionHandler>Ninja.Plugins.AttachmentFilter.SMARTHandlers.PNGDetector,Ninja.Plugins.AttachmentFilter.SMARTHandlers</DetectionHandler>
      </anyType>
      <anyType xsi:type="FileHeader">
        <ID>2</ID>
        <Description>Windows Metafile Format (*.wmf)</Description>
        <PropertyBag>
          <PropertyBagItem>
            <Name>what</Name>
            <Value>WMF</Value>
          </PropertyBagItem>
        </PropertyBag>
        <DetectionHandler>Ninja.Plugins.AttachmentFilter.SMARTHandlers.WMFDetector,Ninja.Plugins.AttachmentFilter.SMARTHandlers</DetectionHandler>
      </anyType>
      <anyType xsi:type="FileHeader">
        <ID>1</ID>
        <Description>OLE2 Type documents (*.doc, *.xls, *.ppt, etc)</Description>
        <PropertyBag>
          <PropertyBagItem>
            <Name>type</Name>
            <Value>ole2</Value>
          </PropertyBagItem>
        </PropertyBag>
        <DetectionHandler>Ninja.Plugins.AttachmentFilter.SMARTHandlers.OLE2Detector,Ninja.Plugins.AttachmentFilter.SMARTHandlers</DetectionHandler>
      </anyType>
      <anyType xsi:type="FileHeader">
        <ID>39</ID>
        <Description>Microsoft Office 2007 documents (*.docm, *.xlsm, *.pptm, etc)</Description>
        <PropertyBag>
          <PropertyBagItem>
            <Name>type</Name>
            <Value>OpenXml</Value>
          </PropertyBagItem>
        </PropertyBag>
        <DetectionHandler>Ninja.Plugins.AttachmentFilter.SMARTHandlers.Office2K7FileDetector,Ninja.Plugins.AttachmentFilter.SMARTHandlers</DetectionHandler>
      </anyType>
      <anyType xsi:type="FileHeader">
        <ID>36</ID>
        <Description>Executable Files (*.exe, *.com, *.scr)</Description>
        <PropertyBag>
          <PropertyBagItem>
            <Name>type</Name>
            <Value>exe</Value>
          </PropertyBagItem>
        </PropertyBag>
        <DetectionHandler>Ninja.Plugins.AttachmentFilter.SMARTHandlers.ExeDetector,Ninja.Plugins.AttachmentFilter.SMARTHandlers</DetectionHandler>
      </anyType>
      <anyType xsi:type="FileHeader">
        <ID>37</ID>
        <Description>Dynamic Link Libraries (*.dll)</Description>
        <PropertyBag>
          <PropertyBagItem>
            <Name>type</Name>
            <Value>dll</Value>
          </PropertyBagItem>
        </PropertyBag>
        <DetectionHandler>Ninja.Plugins.AttachmentFilter.SMARTHandlers.ExeDetector,Ninja.Plugins.AttachmentFilter.SMARTHandlers</DetectionHandler>
      </anyType>
      <anyType xsi:type="FileHeader">
        <ID>38</ID>
        <Description>Virtual Device Driver (*.vxd)</Description>
        <PropertyBag>
          <PropertyBagItem>
            <Name>type</Name>
            <Value>vxd</Value>
          </PropertyBagItem>
        </PropertyBag>
        <DetectionHandler>Ninja.Plugins.AttachmentFilter.SMARTHandlers.ExeDetector,Ninja.Plugins.AttachmentFilter.SMARTHandlers</DetectionHandler>
      </anyType>
      <anyType xsi:type="FileHeader">
        <ID>219</ID>
        <Description>Microsoft Word Files (*.doc)</Description>
        <PropertyBag>
          <PropertyBagItem>
            <Name>type</Name>
            <Value>doc</Value>
          </PropertyBagItem>
        </PropertyBag>
        <DetectionHandler>Ninja.Plugins.AttachmentFilter.SMARTHandlers.OLE2Detector,Ninja.Plugins.AttachmentFilter.SMARTHandlers</DetectionHandler>
      </anyType>
       <anyType xsi:type="FileHeader">
        <ID>119</ID>
        <Description>Microsoft Excel Files (*.xls)</Description>
        <PropertyBag>
          <PropertyBagItem>
            <Name>type</Name>
            <Value>excel</Value>
          </PropertyBagItem>
        </PropertyBag>
        <DetectionHandler>Ninja.Plugins.AttachmentFilter.SMARTHandlers.OLE2Detector,Ninja.Plugins.AttachmentFilter.SMARTHandlers</DetectionHandler>
      </anyType>
      <anyType xsi:type="FileHeader">
        <ID>19</ID>
        <Description>Microsoft Power Point Files (*.ppt)</Description>
        <PropertyBag>
          <PropertyBagItem>
            <Name>type</Name>
            <Value>powerpoint</Value>
          </PropertyBagItem>
        </PropertyBag>
        <DetectionHandler>Ninja.Plugins.AttachmentFilter.SMARTHandlers.OLE2Detector,Ninja.Plugins.AttachmentFilter.SMARTHandlers</DetectionHandler>
      </anyType>
      <anyType xsi:type="FileHeader">
        <ID>44</ID>
        <Description>Compressed Files (*.zip)</Description>
        <PropertyBag>
          <PropertyBagItem>
            <Name>type</Name>
            <Value>zip</Value>
          </PropertyBagItem>
        </PropertyBag>
        <DetectionHandler>Ninja.Plugins.AttachmentFilter.SMARTHandlers.ZipDetectionHandler,Ninja.Plugins.AttachmentFilter.SMARTHandlers</DetectionHandler>
      </anyType>
      <anyType xsi:type="FileHeader">
        <ID>42</ID>
        <Description>Ogg media files (*.ogg)</Description>
        <PropertyBag>
          <PropertyBagItem>
            <Name>type</Name>
            <Value>ogg</Value>
          </PropertyBagItem>
        </PropertyBag>
        <DetectionHandler>Ninja.Plugins.AttachmentFilter.SMARTHandlers.OggDetector,Ninja.Plugins.AttachmentFilter.SMARTHandlers</DetectionHandler>
      </anyType>
      <anyType xsi:type="FileHeader">
        <ID>43</ID>
        <Description>PDF document files (*.pdf)</Description>
        <PropertyBag>
          <PropertyBagItem>
            <Name>type</Name>
            <Value>ogg</Value>
          </PropertyBagItem>
        </PropertyBag>
        <DetectionHandler>Ninja.Plugins.AttachmentFilter.SMARTHandlers.PDFDetector,Ninja.Plugins.AttachmentFilter.SMARTHandlers</DetectionHandler>
      </anyType>
      <anyType xsi:type="FileHeader">
        <ID>45</ID>
        <Description>Animated cursor files (*.ani)</Description>
        <PropertyBag>
          <PropertyBagItem>
            <Name>type</Name>
            <Value>ani</Value>
          </PropertyBagItem>
        </PropertyBag>
        <DetectionHandler>Ninja.Plugins.AttachmentFilter.SMARTHandlers.ANIDetector,Ninja.Plugins.AttachmentFilter.SMARTHandlers</DetectionHandler>
      </anyType>
    </ArrayOfAnyType>
  </xmlSerializerSection>
</SmartFileDetector>