﻿<?xml version="1.0" encoding="utf-8"?>
<SpamCureEngineSettings>
  <xmlSerializerSection type="Ninja.Plugins.Antispam.SpamCure.SpamCureEngineSettings, Ninja.Plugins.Antispam.SpamCure, Version=1.0.0.0, Culture=neutral, PublicKeyToken=39885b566db2b4c7">
    <SpamCureEngineSettings xmlns:xsi="http://www.w3.org/2001/XMLSchema-instance" xmlns:xsd="http://www.w3.org/2001/XMLSchema">
      <ServerAddress>localhost</ServerAddress>
      <ServerPort>25080</ServerPort>
      <PointsWhenHam>0</PointsWhenHam>
      <PointsWhenSpam>190</PointsWhenSpam>
      <PointsWhenUnknown>0</PointsWhenUnknown>
      <PointsWhenNotSpam>0</PointsWhenNotSpam>
      <PointsWhenDirtyIp>105</PointsWhenDirtyIp>
      <PointsWhenMultipleResults>0</PointsWhenMultipleResults>
      <MaxMessageSizeInKb>64</MaxMessageSizeInKb>
      <UseUltraScan>false</UseUltraScan>
    </SpamCureEngineSettings>
  </xmlSerializerSection>
</SpamCureEngineSettings>