<?xml version="1.0" encoding="utf-8"?>
<UnProcessedEmailSettings>
  <xmlSerializerSection type="Ninja.Core.UnProcessedEmail.UnProcessedEmailSettings, Ninja.Core, Version=1.0.0.0, Culture=neutral, PublicKeyToken=f8d89661fc40a3a3">
    <UnProcessedEmailSettings xmlns:xsd="http://www.w3.org/2001/XMLSchema" xmlns:xsi="http://www.w3.org/2001/XMLSchema-instance">
      <DeleteOldItemsEnabled>true</DeleteOldItemsEnabled>
      <DeleteItemsOlderThanDaysNum>30</DeleteItemsOlderThanDaysNum>
      <LimitUnProcessedEmailSizeEnabled>true</LimitUnProcessedEmailSizeEnabled>
      <LimitUnProcessedEmailSizeMegabyteNum>200</LimitUnProcessedEmailSizeMegabyteNum>
      <NotifyUnProcessedEmailSizePercentLimitExceededEnabled>true</NotifyUnProcessedEmailSizePercentLimitExceededEnabled>
      <PercentUnProcessedEmailSizeLimitExceededNotify>90</PercentUnProcessedEmailSizeLimitExceededNotify>
      <UnProcessedEmailLocation>C:\temp\ninja</UnProcessedEmailLocation>
      <NotificationInterval>60000</NotificationInterval>
    </UnProcessedEmailSettings>
  </xmlSerializerSection>
</UnProcessedEmailSettings>