﻿<?xml version="1.0" encoding="utf-8"?>
<UpdaterConfiguration>
  <xmlSerializerSection type="Microsoft.ApplicationBlocks.Updater.Configuration.ApplicationUpdaterSettings, Microsoft.ApplicationBlocks.Updater, Version=2.0.0.0, Culture=neutral, PublicKeyToken=7934dc18d4e51273">
    <applicationUpdater xmlns:xsd="http://www.w3.org/2001/XMLSchema" xmlns:xsi="http://www.w3.org/2001/XMLSchema-instance" basePath="." applicationId="{215E1AD7-9ABA-432f-A952-24BABA556850}" manifestUri="http://updates.sunbelt-software.com/450/NinjaService2.1/ninjaUpdatesWebService.asmx" manifestDownloader="Sunbelt.ApplicationBlocks.Updater.NinjaManifestDownloader, NinjaManifestDownloader, version=1.0.0.0,Culture=neutral,PublicKeyToken=7934dc18d4e51273" xmlns="urn:schemas-microsoft-com:PAG:updater-application-block:v2">
      <service updateInterval="10800000" isExtendedFormat="false" remotingPort="6161" />
      <downloaders>
        <downloader xsi:type="SunbeltHttpDownloaderProviderData" name="SunbeltDownloader">
          <UseProxy>false</UseProxy>
          <UseScript>false</UseScript>
          <UseAuth>false</UseAuth>
          <Address />
          <Port>8080</Port>
          <Username />
          <Password>Sqzq6+jfu08=</Password>
          <Domain />
          <AuthType>NTLM</AuthType>
        </downloader>
      </downloaders>
    </applicationUpdater>
  </xmlSerializerSection>
</UpdaterConfiguration>