﻿<?xml version="1.0" encoding="utf-8"?>
<UpdateStatusSettings>
  <xmlSerializerSection type="Ninja.Core.Updates.UpdateStatusSettings, Ninja.Core, Version=1.0.0.0, Culture=neutral, PublicKeyToken=f8d89661fc40a3a3">
    <UpdateStatusSettings xmlns:xsi="http://www.w3.org/2001/XMLSchema-instance" xmlns:xsd="http://www.w3.org/2001/XMLSchema">
      <LastUpdateStatus>Success</LastUpdateStatus>
      <UpdateNow>false</UpdateNow>
      <PluginUpdateStatuses>
        <Module>
          <ModuleType>Ninja.Plugins.AVPlugin.AVPlugin</ModuleType>
          <ModuleVersion>1</ModuleVersion>
          <EnginesCollection>
            <EngineStatus>
              <Version>91830.0</Version>
              <EngineDescription>Ninja.Plugins.AVPlugin.AVPlugin-Engine1DefsVersion</EngineDescription>
              <Status>Success</Status>
            </EngineStatus>
            <EngineStatus>
              <Version>17134</Version>
              <EngineDescription>Ninja.Plugins.AVPlugin.AVPlugin-Engine2DefsVersion</EngineDescription>
              <Status>Success</Status>
            </EngineStatus>
          </EnginesCollection>
        </Module>
        <Module>
          <ModuleType>Ninja.Plugins.AntiSpamPlugin.AntiSpamPlugin</ModuleType>
          <ModuleVersion>1</ModuleVersion>
          <EnginesCollection>
            <EngineStatus>
              <Version>2013-04-24T03:34:42</Version>
              <EngineDescription>Ninja.Plugins.AntiSpamPlugin.AntiSpamPlugin-Engine1DefsVersion</EngineDescription>
              <Status>Success</Status>
            </EngineStatus>
            <EngineStatus>
              <Version>20130424083006180</Version>
              <EngineDescription>Ninja.Plugins.AntiSpamPlugin.AntiSpamPlugin-Engine2DefsVersion</EngineDescription>
              <Status>Success</Status>
            </EngineStatus>
          </EnginesCollection>
        </Module>
        <Module>
          <ModuleType>Ninja.Plugins.AttachmentFilteringPlugin.AttachmentFilteringPlugin</ModuleType>
          <ModuleVersion>1</ModuleVersion>
          <EnginesCollection>
            <EngineStatus>
              <Version>503</Version>
              <EngineDescription>Ninja.Plugins.AttachmentFilteringPlugin.AttachmentFilteringPlugin-Engine1DefsVersion</EngineDescription>
              <Status>Success</Status>
            </EngineStatus>
          </EnginesCollection>
        </Module>
      </PluginUpdateStatuses>
    </UpdateStatusSettings>
  </xmlSerializerSection>
</UpdateStatusSettings>